epoch,pdr_mean,pdr_std,r2_mean,r2_std,vloss_mean,vloss_std,n_runs,group
1,3.527586206896551e-05,0.00011068957729076644,-2.5830571551724133,1.0738271173316671,8270.441750862068,4837.232207576655,116,collapsed
2,1.886206896551724e-05,5.4664477615365176e-05,-0.9443790862068965,1.0133417697702043,4799.1591577586205,3805.114638240354,116,collapsed
3,6.741379310344829e-06,1.62460184457264e-05,-0.3684403534482759,1.0765572093544409,3371.241499137931,2987.8523312306766,116,collapsed
4,4.45689655172414e-06,9.089964380434849e-06,-0.3189125344827587,1.0287454817684871,3205.496103448275,2753.004460540481,116,collapsed
5,3.4913793103448274e-06,5.957457930531671e-06,-0.30300384482758613,0.9722176147011711,3179.770272413793,2698.982745826069,116,collapsed
6,2.9482758620689655e-06,4.304858577488462e-06,-0.28558414655172415,0.9152142655396025,3150.5240000000003,2650.3248571838335,116,collapsed
7,2.6379310344827587e-06,3.3150559149706186e-06,-0.2680243017241379,0.8571360947615452,3120.5376077586207,2602.9924386049684,116,collapsed
8,2.353448275862069e-06,2.6367898139947907e-06,-0.24954952586206894,0.7983640899929902,3087.785386206897,2555.829395917267,116,collapsed
9,2.181034482758621e-06,2.1719177047145042e-06,-0.23083135344827588,0.7390344573359315,3055.306055172414,2513.446777300583,116,collapsed
10,2.0258620689655168e-06,1.8404516260612723e-06,-0.21201635344827582,0.6795104063645466,3022.705088793103,2474.6552451022108,116,collapsed
11,1.8965517241379308e-06,1.662877182231653e-06,-0.19349004310344825,0.6200313828665059,2990.3568931034474,2438.60873944676,116,collapsed
12,1.7672413793103449e-06,1.4224660387479208e-06,-0.1751825775862069,0.5618192504466789,2958.5586267241374,2407.7559515804155,116,collapsed
13,1.6379310344827585e-06,1.3090965015674632e-06,-0.15728719827586204,0.5056267115208272,2927.5386362068966,2382.283431059754,116,collapsed
14,1.5689655172413793e-06,1.1978726684608102e-06,-0.14056827586206894,0.4516723547932648,2898.5458905172413,2360.875728364216,116,collapsed
15,1.4827586206896553e-06,1.110162760827948e-06,-0.12399330172413793,0.4007897487926336,2869.3351474137935,2342.7749068577855,116,collapsed
16,1.4568965517241378e-06,1.1699708320805027e-06,-0.1101665,0.35230962259384213,2846.3496344827586,2332.086432625728,116,collapsed
17,1.3448275862068966e-06,1.0179716840776215e-06,-0.09506188793103447,0.30765897162108624,2819.699955172414,2321.720581492051,116,collapsed
18,1.232758620689655e-06,9.857410884507993e-07,-0.08266200862068965,0.2661809048336817,2798.8649655172417,2317.1760502397933,116,collapsed
19,1.206896551724138e-06,9.605785018747667e-07,-0.0707362155172414,0.22857747554961444,2777.486742241379,2311.0964525235786,116,collapsed
20,1.163793103448276e-06,9.186193305364286e-07,-0.05994270689655172,0.19452228992780984,2758.6040620689655,2308.7583893613682,116,collapsed
21,1.163793103448276e-06,8.996547759082406e-07,-0.05057818965517241,0.1639308099523064,2742.325711206897,2307.8884497545514,116,collapsed
22,1.129310344827586e-06,8.860039348962312e-07,-0.04233943103448277,0.1364969524740782,2728.0963353448274,2308.5698254632657,116,collapsed
23,1.1120689655172414e-06,8.486454899765571e-07,-0.03556375,0.11232655258256637,2716.560418965518,2310.118346711723,116,collapsed
24,1.1206896551724137e-06,8.423609310555937e-07,-0.029266629310344825,0.09141528950001312,2705.2350551724135,2310.369314228288,116,collapsed
25,1.129310344827586e-06,8.461899641393923e-07,-0.024109431034482758,0.07323507866326225,2696.3900827586203,2312.2854476015673,116,collapsed
26,1.1206896551724137e-06,8.72522822681379e-07,-0.01932181034482758,0.05790823242958813,2688.0600715517244,2314.1986785081126,116,collapsed
27,1.1379310344827585e-06,8.599975112648225e-07,-0.016239594827586204,0.04496419684784821,2682.867989655172,2316.1905521214976,116,collapsed
28,1.0775862068965518e-06,9.016351245047994e-07,-0.01312030172413793,0.03453030436697893,2677.299099137931,2317.1707825354124,116,collapsed
29,1.1293103448275863e-06,8.860039348962313e-07,-0.011063706896551725,0.02612682850127011,2673.992620689655,2319.3175580266056,116,collapsed
30,1.2327586206896552e-06,1.1623234654293754e-06,-0.00909371551724138,0.019726150920404792,2670.4968525862064,2320.195204461814,116,collapsed
31,1.422413793103448e-06,1.7575004883943281e-06,-0.00782306896551724,0.015018557361457248,2668.153953448276,2320.371993730823,116,collapsed
32,1.7068965517241378e-06,2.864820032198299e-06,-0.007040715517241377,0.011772568690938384,2666.993811206896,2321.6259595771094,116,collapsed
33,1.7413793103448274e-06,2.847021097917213e-06,-0.006491974137931033,0.00987386464050355,2666.0612465517243,2322.118014885418,116,collapsed
34,1.836206896551724e-06,2.8645995252307842e-06,-0.00602933620689655,0.009017180438917667,2665.0943068965516,2321.759302234626,116,collapsed
35,1.9482758620689654e-06,2.9444419516537828e-06,-0.00540758620689655,0.008530510818747918,2664.30785,2323.3960219263345,116,collapsed
36,2e-06,3.020047955773619e-06,-0.005159629310344825,0.00836660499116018,2663.514436206897,2322.0699685678046,116,collapsed
37,2.025862068965517e-06,3.0497631533153293e-06,-0.005256094827586205,0.00886867950748729,2663.6728000000003,2321.935867145176,116,collapsed
38,2.0775862068965517e-06,3.149030672064477e-06,-0.005102784482758619,0.008726096795805055,2663.3553353448274,2321.8426364114525,116,collapsed
39,2.086206896551724e-06,3.1474372868152905e-06,-0.004779913793103447,0.008406173012537054,2662.7401051724137,2321.8423652726915,116,collapsed
40,2.0948275862068964e-06,3.1430779123936674e-06,-0.004798189655172412,0.008423801831217133,2662.969697413793,2322.6225302756525,116,collapsed
41,2.086206896551724e-06,3.1474372868152905e-06,-0.00491278448275862,0.008435555234680491,2663.1687172413795,2322.5439836734417,116,collapsed
42,2.086206896551724e-06,3.1474372868152905e-06,-0.004960568965517239,0.008416790712641974,2663.2516931034484,2322.5109761581684,116,collapsed
43,2.0948275862068964e-06,3.1430779123936674e-06,-0.004972120689655171,0.008409216289650521,2663.271744827586,2322.502966517869,116,collapsed
44,2.0775862068965517e-06,3.149030672064477e-06,-0.004993465517241378,0.00839960325564602,2663.308787931034,2322.488217487261,116,collapsed
45,2.0775862068965517e-06,3.149030672064477e-06,-0.00507133620689655,0.008400761723410364,2663.4440362068963,2322.4347618537977,116,collapsed
46,2.0775862068965517e-06,3.149030672064477e-06,-0.005005275862068964,0.008395103314747202,2663.3293181034483,2322.480052187014,116,collapsed
47,2.0775862068965517e-06,3.149030672064477e-06,-0.00501705172413793,0.008390321583419,2663.3497810344825,2322.4719104152127,116,collapsed
48,2.0775862068965517e-06,3.149030672064477e-06,-0.005035206896551723,0.008382936720543827,2663.381289655172,2322.459373652444,116,collapsed
49,2.0775862068965517e-06,3.149030672064477e-06,-0.005066637931034482,0.008372876940780736,2663.4358439655175,2322.4376970021435,116,collapsed
50,2.0775862068965517e-06,3.149030672064477e-06,-0.005152870689655171,0.00840149824644408,2663.585625862069,2322.378793451241,116,collapsed
51,2.0775862068965517e-06,3.149030672064477e-06,-0.005157551724137929,0.008399985320538107,2663.593749137931,2322.37556543808,116,collapsed
52,2.068965517241379e-06,3.1505996635863227e-06,-0.005161905172413791,0.008398693142366163,2663.601294827586,2322.372568197718,116,collapsed
53,2.068965517241379e-06,3.1505996635863227e-06,-0.005162862068965515,0.008398401023816207,2663.6029724137925,2322.3719017512294,116,collapsed
54,2.068965517241379e-06,3.1505996635863227e-06,-0.005161999999999999,0.008398654683935993,2663.6014568965516,2322.3725037091885,116,collapsed
55,2.068965517241379e-06,3.1505996635863227e-06,-0.005163741379310343,0.00839814839518796,2663.6044956896553,2322.371296778469,116,collapsed
56,2.068965517241379e-06,3.1505996635863227e-06,-0.005165775862068964,0.008397530805074547,2663.608031034483,2322.3698923441407,116,collapsed
57,2.068965517241379e-06,3.1505996635863227e-06,-0.005165775862068964,0.008397530805074547,2663.608031034483,2322.3698923441407,116,collapsed
58,2.068965517241379e-06,3.1505996635863227e-06,-0.005165775862068964,0.008397530805074547,2663.608031034483,2322.3698923441407,116,collapsed
59,2.068965517241379e-06,3.1505996635863227e-06,-0.005165775862068964,0.008397530805074547,2663.608031034483,2322.3698923441407,116,collapsed
60,2.068965517241379e-06,3.1505996635863227e-06,-0.005165775862068964,0.008397530805074547,2663.608031034483,2322.3698923441407,116,collapsed
1,0.013181792253521127,0.04963258560531392,-2.5589543908450705,1.2057612955435548,9270.124369718309,7421.173500951207,284,normal
2,0.040968401408450705,0.15756556496413052,-0.6639859225352113,0.47070053526579725,5330.944095070422,5555.504574967971,284,normal
3,0.05694739084507043,0.20891853665750038,-0.009713897887323948,0.22883540353208082,3520.152874647887,3996.5097994411926,284,normal
4,0.061430419014084504,0.2235587803103922,0.04164728169014085,0.22233529442438912,3234.9101299295776,3580.7099740142007,284,normal
5,0.06452557042253519,0.2347995043126141,0.04230271126760563,0.22611191921629695,3217.5371334507045,3544.1637758161296,284,normal
6,0.06527566549295774,0.23726212823123322,0.04321411971830985,0.23078470298502687,3215.9084623239437,3545.925126095678,284,normal
7,0.06719920070422533,0.23831140899226524,0.04586344014084506,0.23199454270748757,3215.268072183099,3544.255117399301,284,normal
8,0.06804902112676055,0.2410017558362918,0.048327816901408444,0.2372038000862122,3212.516557042253,3543.6718226134035,284,normal
9,0.06988017253521128,0.24551217748964335,0.049436535211267604,0.23529304972008788,3213.2153274647885,3543.7067191987844,284,normal
10,0.07573341197183099,0.25524847036185383,0.05515785211267604,0.2414720544275549,3211.871620774648,3545.856354578499,284,normal
11,0.0824975352112676,0.2568490842774767,0.06415055985915495,0.24191617483981245,3207.8508492957744,3548.3333983843627,284,normal
12,0.10976352464788731,0.29537940924566797,0.09428630985915494,0.2747294799949678,3190.932422535211,3559.4260633915,284,normal
13,0.12515319366197183,0.31462497546781143,0.10860702464788732,0.29345440313754495,3178.9421859154927,3568.2256784507463,284,normal
14,0.12846149647887323,0.32185912688713014,0.11181482042253521,0.2998992067070309,3175.9209264084507,3568.7017838374477,284,normal
15,0.1391478485915493,0.33281615792871494,0.11907282042253522,0.30339745437027915,3166.498598239437,3573.8213688639075,284,normal
16,0.15232532394366197,0.3422361247910478,0.13393686267605634,0.3204549163818658,3125.5192961267608,3549.653957644641,284,normal
17,0.15977768309859156,0.3505233971263418,0.139738588028169,0.3241062970156333,3094.9246676056337,3525.9037561384825,284,normal
18,0.18288823239436622,0.366159066426808,0.15648199647887323,0.3337428212101759,3044.3604538732397,3527.5043273805445,284,normal
19,0.2102622183098591,0.37574921895196095,0.18544805633802816,0.34909659998336784,2998.300398239436,3549.3851483691155,284,normal
20,0.2326462746478873,0.4000465640600284,0.19904723591549298,0.3606677339898558,2974.151553873239,3554.8073586771943,284,normal
21,0.24266816901408447,0.40284415090481945,0.2162142147887324,0.3750942754469657,2957.246170422535,3576.8521202516577,284,normal
22,0.2574547007042253,0.4130707695463212,0.22799539436619717,0.38067495916984634,2918.4403616197183,3551.3387404048385,284,normal
23,0.2729131866197183,0.420717604353968,0.24165614788732395,0.3871807900815072,2820.7179450704225,3474.2040767242356,284,normal
24,0.2855986795774648,0.42841224986165793,0.25362671126760566,0.39542800642997483,2788.5494112676056,3482.202436548238,284,normal
25,0.2848648239436619,0.4267031063165764,0.2552371549295775,0.39737778417043945,2786.010967253521,3482.7092970597046,284,normal
26,0.29250691197183104,0.426021620023408,0.26165479577464795,0.3937991217151727,2754.6408609154932,3462.5605514624563,284,normal
27,0.30141920422535207,0.4337804661231551,0.2714701936619718,0.40404004322133347,2724.007045774648,3463.0810015629604,284,normal
28,0.32512445774647886,0.4370478714864699,0.29293828873239436,0.4064414394396427,2699.2208422535214,3491.1836743395247,284,normal
29,0.3587676830985916,0.4449203585617978,0.32204016901408455,0.4113479758955583,2520.8136725352115,3254.4639480376513,284,normal
30,0.3647400457746479,0.4460098091023509,0.3320335457746479,0.4167351288833689,2454.518257394366,3209.425695874325,284,normal
31,0.3729904436619718,0.4480725959995175,0.337562661971831,0.41705595415227514,2433.5574693661974,3214.9094437285735,284,normal
32,0.4037404366197183,0.45195704652811314,0.3633886830985915,0.41720764890196826,2320.6095690140846,2994.7624247559947,284,normal
33,0.4516235457746479,0.44869576580517717,0.40694495774647893,0.4162093505618258,2134.915832746479,2807.5475338603947,284,normal
34,0.4724639225352113,0.4535687701446332,0.42570149647887323,0.41982797211379275,2085.4637183098594,2782.4194933396084,284,normal
35,0.49437647887323943,0.45148143596503765,0.4465300105633802,0.41805650701786146,2049.0983232394365,2783.263025336073,284,normal
36,0.5281797746478873,0.44841636541568286,0.47840692605633806,0.41507501561467924,2005.1936926056337,2788.739604504691,284,normal
37,0.5658103873239437,0.4368140415055995,0.5117108591549295,0.4047105343806749,1819.4634880281692,2563.0344545254,284,normal
38,0.5872887147887325,0.43717721931979686,0.5248491795774648,0.40246955859628636,1774.9390890845068,2534.9877075852814,284,normal
39,0.6213840352112676,0.4199682287985221,0.5528040985915493,0.38436000186513286,1670.9271926056338,2305.794871533746,284,normal
40,0.6506405035211268,0.41572958606008986,0.5794953943661971,0.3827950983049301,1567.589154577465,2178.7724248704367,284,normal
41,0.6878073028169014,0.38754540850489405,0.6227506126760564,0.3600653148515596,1456.5669183098591,2086.6999737420347,284,normal
42,0.7620201654929577,0.3415034844475237,0.6859484225352113,0.31909232252530945,1288.5797105633803,1911.7853967626727,284,normal
43,0.7871794436619719,0.3106140426457791,0.7095340809859155,0.2912474810143207,1191.1369528169014,1736.246010489749,284,normal
44,0.8830637992957746,0.13441837655025782,0.7986342429577467,0.14619999296709385,958.5726873239437,1393.758089053973,284,normal
45,0.9063001197183098,0.07331260149230945,0.8189378802816901,0.10949171050679579,909.4642327464788,1360.928179632872,284,normal
46,0.9166144859154929,0.062288816960238864,0.8219288908450704,0.10538358973313114,892.3655658450706,1326.8029135198349,284,normal
47,0.9178651830985917,0.06939617283543749,0.8286679964788733,0.10666803103420808,890.8622855633803,1351.905013868456,284,normal
48,0.9187937957746478,0.06546400742489956,0.825583059859155,0.11391232874891084,914.2131690140844,1429.3414709139633,284,normal
49,0.9172868591549297,0.06692565182408576,0.823387088028169,0.11923566504259832,903.8151211267606,1362.7787124339222,284,normal
50,0.9236240352112675,0.06008442687748585,0.8349588802816902,0.1014165906671192,851.7845915492958,1266.2384379984712,284,normal
51,0.9226121795774648,0.06250721843757134,0.8412372605633803,0.09797740374721502,822.4591369718308,1232.706517070248,284,normal
52,0.9150339999999999,0.07218307335103852,0.8405478767605633,0.10090407941213012,836.3165482394365,1257.7324291314912,284,normal
53,0.9182218450704224,0.06908204197544485,0.8392081232394367,0.10224635271226139,850.6609338028169,1290.9449754555078,284,normal
54,0.9229522429577464,0.06379160481191631,0.8418684753521126,0.1048172697204559,839.1486845070422,1289.6596923431296,284,normal
55,0.9199071091549297,0.06669080802066618,0.8374026514084508,0.10828728055976793,853.3319757042254,1316.1287945834476,284,normal
56,0.9253072570422535,0.06296005514370213,0.8417507253521126,0.10202491028128102,836.8169404929578,1272.1477589227343,284,normal
57,0.9264736443661972,0.06577781956095799,0.8428929507042253,0.10549208907789578,848.6225133802816,1300.6938131425857,284,normal
58,0.9189895352112677,0.0669385930560706,0.8447464401408451,0.10149702984865383,827.7555566901409,1268.3051557438748,284,normal
59,0.9298814295774648,0.06435091091899318,0.8455644823943662,0.1014048483415821,826.1750542253521,1266.8623197681788,284,normal
60,0.923628735915493,0.06844109704705355,0.8424273169014085,0.10485016383572533,844.0146552816901,1303.9169151865312,284,normal
