run_id,stop_epoch,va_loss_at_stop,pdr_at_stop,r2_at_stop
1A_A1_fixed_B2_from0_C1_unclipped_s0,18,7753.9965,0.0,-0.01416
1A_A1_fixed_B2_from0_C1_unclipped_s1,19,7734.7422,0.0,-0.011642
1A_A1_fixed_B2_from0_C1_unclipped_s2,19,7735.3274,0.0,-0.011719
1A_A1_fixed_B2_from0_C1_unclipped_s3,19,7739.3716,0.0,-0.012247
1A_A1_fixed_B2_from0_C1_unclipped_s4,18,7772.3625,1e-06,-0.016562
1A_A1_fixed_B2_from0_C1_unclipped_s6,19,7729.5767,0.0,-0.010966
1A_A1_fixed_B2_from0_C1_unclipped_s7,19,7758.719,0.0,-0.014778
1A_A1_fixed_B2_from0_C1_unclipped_s8,19,7727.4058,0.0,-0.010682
1A_A1_fixed_B2_from0_C1_unclipped_s9,18,7741.0299,0.0,-0.012464
1A_A1_fixed_B2_from0_C2_clip125_s0,18,1741.7272,1e-06,-0.003016
1A_A1_fixed_B2_from0_C2_clip125_s1,19,1740.4996,1e-06,-0.002309
1A_A1_fixed_B2_from0_C2_clip125_s3,35,1742.126,5e-06,-0.003245
1A_A1_fixed_B2_from0_C2_clip125_s4,18,1747.1137,2e-06,-0.006117
1A_A1_fixed_B2_from0_C2_clip125_s6,19,1740.6319,1e-06,-0.002385
1A_A1_fixed_B2_from0_C2_clip125_s7,32,1742.5906,1.1e-05,-0.003513
1A_A1_fixed_B2_from0_C2_clip125_s8,26,1740.4202,1e-06,-0.002263
1A_A1_fixed_B2_from0_C2_clip125_s9,18,1740.1297,2e-06,-0.002096
1A_A1_fixed_B2_from0_C3_clip100_s0,24,1044.1071,1e-06,-0.003317
1A_A1_fixed_B2_from0_C3_clip100_s3,18,1045.9219,1e-06,-0.00506
1A_A1_fixed_B2_from0_C3_clip100_s6,38,1041.9301,1.2e-05,-0.001225
1A_A1_fixed_B2_from0_C3_clip100_s7,32,1042.7172,2.1e-05,-0.001981
1A_A1_fixed_B2_from0_C3_clip100_s8,26,1042.288,1e-06,-0.001568
1A_A2_per_seed_B2_from0_C1_unclipped_s2,19,7492.7744,0.0,-0.03282
1A_A2_per_seed_B2_from0_C1_unclipped_s6,40,10224.3152,2e-06,-0.011131
1A_A2_per_seed_B2_from0_C1_unclipped_s7,19,6143.7697,0.0,-0.080401
1A_A2_per_seed_B2_from0_C1_unclipped_s8,27,10864.3946,0.0,-0.005086
1A_A2_per_seed_B2_from0_C2_clip125_s2,19,1756.4043,1e-06,-0.007047
1A_A2_per_seed_B2_from0_C2_clip125_s7,31,1765.7094,5e-06,-0.010278
1A_A2_per_seed_B2_from0_C2_clip125_s8,19,1725.6874,2e-06,-0.000345
1A_A3_stratified_B2_from0_C1_unclipped_s1,20,7404.9878,0.0,-0.002576
1A_A3_stratified_B2_from0_C1_unclipped_s2,19,6659.6086,0.0,-0.012644
1A_A3_stratified_B2_from0_C1_unclipped_s6,19,6755.8099,0.0,-0.012639
1A_A3_stratified_B2_from0_C1_unclipped_s8,22,8212.8166,0.0,-0.000488
1A_A3_stratified_B2_from0_C1_unclipped_s9,26,9802.1274,5e-06,-0.009724
1A_A3_stratified_B2_from0_C2_clip125_s2,19,1726.4073,1e-06,-0.000226
1A_A3_stratified_B2_from0_C2_clip125_s3,33,1717.9001,1e-06,-0.000674
1A_A3_stratified_B2_from0_C2_clip125_s8,31,1710.9631,1e-06,-1.4e-05
1A_A3_stratified_B2_from0_C3_clip100_s3,36,1014.7673,1e-05,-0.00066
1A_A3_stratified_B2_from0_C3_clip100_s6,19,1027.9225,1e-06,-8.3e-05
1A_A3_stratified_B2_from0_C3_clip100_s8,22,1008.8306,2e-06,-0.000717
1B_D_patience10_s0,13,1743.31,2e-06,-0.003927
1B_D_patience10_s1,14,1742.0386,1e-06,-0.003195
1B_D_patience10_s3,14,1743.0218,1e-06,-0.003761
1B_D_patience10_s4,13,1740.6675,2e-06,-0.002405
1B_D_patience10_s5,14,1741.4931,1e-06,-0.002881
1B_D_patience10_s6,14,1743.1977,1e-06,-0.003862
1B_D_patience10_s7,14,1740.2245,1e-06,-0.00215
1B_D_patience10_s8,21,1740.5261,1e-06,-0.002324
1B_D_patience10_s9,13,1739.3501,2e-06,-0.001647
1B_D_patience15_s0,18,1741.7272,1e-06,-0.003016
1B_D_patience15_s1,19,1740.4996,1e-06,-0.002309
1B_D_patience15_s3,35,1742.126,5e-06,-0.003245
1B_D_patience15_s4,18,1747.1137,2e-06,-0.006117
1B_D_patience15_s6,19,1740.6319,1e-06,-0.002385
1B_D_patience15_s7,32,1742.5906,1.1e-05,-0.003513
1B_D_patience15_s8,26,1740.4202,1e-06,-0.002263
1B_D_patience15_s9,18,1740.1297,2e-06,-0.002096
1B_D_patience30_s1,34,1742.5027,0.0,-0.003462
1B_D_patience30_s6,34,1743.3149,0.0,-0.00393
1B_D_patience5_s0,8,1742.3067,2e-06,-0.003349
1B_D_patience5_s1,9,1740.5343,1e-06,-0.002329
1B_D_patience5_s2,21,1745.4593,1e-06,-0.005165
1B_D_patience5_s3,9,1741.7937,1e-06,-0.003054
1B_D_patience5_s4,8,1741.0716,3e-06,-0.002638
1B_D_patience5_s5,9,1741.3051,1e-06,-0.002772
1B_D_patience5_s6,9,1740.8768,2e-06,-0.002526
1B_D_patience5_s7,9,1739.8763,2e-06,-0.00195
1B_D_patience5_s8,9,1742.1261,2e-06,-0.003245
1B_D_patience5_s9,8,1741.8729,3e-06,-0.0031
1B_E_lr1e2_s0,41,1757.6837,0.0,-0.012205
1B_E_lr1e2_s1,17,1739.0298,0.0,-0.001462
1B_E_lr1e2_s2,19,1740.0887,0.0,-0.002072
1B_E_lr1e2_s3,29,1737.0133,0.0,-0.000301
1B_E_lr1e2_s4,23,1768.3215,0.0,-0.018331
1B_E_lr1e2_s6,28,1739.2541,0.0,-0.001591
1B_E_lr1e2_s7,34,1744.2883,0.0,-0.00449
1B_E_lr1e2_s8,27,1739.2122,0.0,-0.001567
1B_E_lr1e2_s9,50,1759.0149,0.0,-0.012971
1B_E_lr1e3_s0,18,1741.7272,1e-06,-0.003016
1B_E_lr1e3_s1,19,1740.4996,1e-06,-0.002309
1B_E_lr1e3_s3,35,1742.126,5e-06,-0.003245
1B_E_lr1e3_s4,18,1747.1137,2e-06,-0.006117
1B_E_lr1e3_s6,19,1740.6319,1e-06,-0.002385
1B_E_lr1e3_s7,32,1742.5906,1.1e-05,-0.003513
1B_E_lr1e3_s8,26,1740.4202,1e-06,-0.002263
1B_E_lr1e3_s9,18,1740.1297,2e-06,-0.002096
1B_E_lr1e4_s0,48,1741.3111,2e-06,-0.002776
1B_E_lr1e4_s1,55,1741.558,1e-06,-0.002918
1B_E_lr1e4_s2,55,1741.2647,1e-06,-0.002749
1B_E_lr1e4_s3,50,1741.3651,1e-06,-0.002807
1B_E_lr1e4_s4,46,1741.695,4e-06,-0.002997
1B_E_lr1e4_s5,56,1740.9461,1e-06,-0.002566
1B_E_lr1e4_s6,55,1741.3151,1e-06,-0.002778
1B_E_lr1e4_s7,53,1741.1228,2e-06,-0.002668
1B_E_lr1e4_s8,56,1741.3237,1e-06,-0.002783
1B_E_lr1e4_s9,47,1741.3647,3e-06,-0.002807
1B_F_bias_zero_s0,18,1741.7272,1e-06,-0.003016
1B_F_bias_zero_s1,19,1740.4996,1e-06,-0.002309
1B_F_bias_zero_s3,35,1742.126,5e-06,-0.003245
1B_F_bias_zero_s4,18,1747.1137,2e-06,-0.006117
1B_F_bias_zero_s6,19,1740.6319,1e-06,-0.002385
1B_F_bias_zero_s7,32,1742.5906,1.1e-05,-0.003513
1B_F_bias_zero_s8,26,1740.4202,1e-06,-0.002263
1B_F_bias_zero_s9,18,1740.1297,2e-06,-0.002096
1B_G_loss_MSE_s0,18,1741.7272,1e-06,-0.003016
1B_G_loss_MSE_s1,19,1740.4996,1e-06,-0.002309
1B_G_loss_MSE_s3,35,1742.126,5e-06,-0.003245
1B_G_loss_MSE_s4,18,1747.1137,2e-06,-0.006117
1B_G_loss_MSE_s6,19,1740.6319,1e-06,-0.002385
1B_G_loss_MSE_s7,32,1742.5906,1.1e-05,-0.003513
1B_G_loss_MSE_s8,26,1740.4202,1e-06,-0.002263
1B_G_loss_MSE_s9,18,1740.1297,2e-06,-0.002096
1B_G_loss_auxiliary_s0,29,1916.7275,2e-06,-0.003501
1B_G_loss_auxiliary_s2,32,1916.7066,1e-06,-0.003419
1B_G_loss_auxiliary_s6,33,1914.5027,1e-06,-0.002222
1B_G_loss_auxiliary_s8,29,1915.6656,1e-06,-0.002933
