epoch,tr_loss,va_loss,va_PDR,va_R2,va_RMSE,stopped,ug_mean,rg_mean
1,8639.5854,6608.0228,2e-06,-2.805389,81.2897,False,0.245826,0.797192
2,4886.6119,2820.6384,1e-06,-0.624333,53.1097,False,0.229071,0.826797
3,2167.293,1751.2215,1e-06,-0.008483,41.8476,False,0.228489,0.834372
4,1752.025,1740.8654,1e-06,-0.002519,41.7237,False,0.228713,0.835829
5,1740.8746,1741.5103,1e-06,-0.002891,41.7314,False,0.229683,0.836509
6,1739.5215,1741.2546,1e-06,-0.002743,41.7283,False,0.230788,0.837046
7,1739.8107,1741.0326,1e-06,-0.002616,41.7257,False,0.229736,0.837499
8,1736.564,1741.8243,1e-06,-0.003071,41.7352,False,0.231916,0.837675
9,1746.6889,1743.073,1e-06,-0.003791,41.7501,False,0.233632,0.837166
10,1742.1368,1740.6955,0.0,-0.002421,41.7216,False,0.235674,0.835126
11,1742.1697,1741.1184,0.0,-0.002665,41.7267,False,0.239537,0.83171
12,1738.5218,1744.9182,1e-06,-0.004853,41.7722,False,0.245289,0.83098
13,1740.3448,1728.8337,0.002989,0.004409,41.5792,False,0.239412,0.835919
14,1530.5481,1078.3404,0.269452,0.379012,32.8381,False,0.322809,0.653072
15,564.7636,311.9798,0.867239,0.820339,17.6629,False,0.251044,0.602799
16,372.0607,311.0356,0.959255,0.820883,17.6362,False,0.224853,0.599043
17,367.5313,277.4709,0.937385,0.840212,16.6575,False,0.212748,0.587224
18,354.1603,287.8275,0.89664,0.834248,16.9655,False,0.214523,0.580945
19,348.4044,276.1643,0.928788,0.840964,16.6182,False,0.216157,0.574222
20,343.6617,294.0748,0.920195,0.83065,17.1486,False,0.215409,0.559289
21,343.3171,281.0053,0.897857,0.838176,16.7632,False,0.219105,0.55988
22,339.621,292.0308,0.873957,0.831827,17.0889,False,0.220407,0.559276
23,336.0662,271.4466,0.911565,0.843681,16.4756,False,0.213668,0.558069
24,334.1862,262.6483,0.919259,0.848748,16.2064,False,0.231685,0.558106
25,333.496,268.3562,0.940943,0.845461,16.3816,False,0.235275,0.5561
26,326.1801,257.0781,0.897972,0.851955,16.0337,False,0.225731,0.553578
27,318.8836,239.7074,0.932687,0.861959,15.4825,False,0.223787,0.553952
28,322.8246,264.6521,0.929751,0.847594,16.2681,False,0.227251,0.553054
29,314.1944,256.2098,0.928321,0.852455,16.0066,False,0.225268,0.551994
30,307.72,255.6162,0.923057,0.852797,15.988,False,0.216553,0.545613
31,323.9271,259.6855,0.881288,0.850454,16.1148,False,0.221027,0.549768
32,310.003,250.2397,0.955031,0.855893,15.819,False,0.227771,0.539963
33,304.5325,251.9541,0.931276,0.854906,15.8731,False,0.23247,0.534948
34,300.6941,236.7795,0.928073,0.863645,15.3876,False,0.228601,0.523943
35,283.554,220.1279,0.93072,0.873234,14.8367,False,0.218414,0.508119
36,269.0807,213.5427,0.937523,0.877026,14.6131,False,0.212382,0.501687
37,254.3615,215.8721,0.908103,0.875685,14.6926,False,0.206066,0.493434
38,243.459,208.8007,0.942461,0.879757,14.4499,False,0.198971,0.486004
39,241.1677,216.9576,0.919871,0.87506,14.7295,False,0.191281,0.482848
40,236.1758,232.0565,0.892422,0.866365,15.2334,False,0.184632,0.477242
41,240.9795,191.8339,0.978696,0.889528,13.8504,False,0.178062,0.472268
42,229.9722,233.4739,0.984127,0.865548,15.2799,False,0.173368,0.467037
43,229.5926,179.7124,0.968795,0.896508,13.4057,False,0.167262,0.465539
44,223.1944,176.3763,0.935242,0.898429,13.2807,False,0.16243,0.461992
45,221.9864,212.1642,0.954021,0.87782,14.5659,False,0.162111,0.458274
46,216.9924,180.9643,0.944839,0.895787,13.4523,False,0.154852,0.456491
47,217.7425,173.8616,0.95521,0.899878,13.1857,False,0.151952,0.450678
48,214.3695,167.8474,0.960381,0.903341,12.9556,False,0.148011,0.448021
49,211.0047,202.5095,0.992134,0.88338,14.2306,False,0.145534,0.442967
50,212.7954,171.0907,0.943165,0.901473,13.0802,False,0.138478,0.44267
51,208.1803,169.615,0.977726,0.902323,13.0236,False,0.134401,0.440797
52,204.7516,174.2675,0.930619,0.899644,13.201,False,0.13098,0.434954
53,204.4306,169.2042,0.942569,0.90256,13.0079,False,0.131076,0.436634
54,198.1015,210.7188,0.967769,0.878652,14.5162,False,0.128614,0.432419
55,210.74,179.4738,0.954912,0.896646,13.3968,False,0.129668,0.426747
56,203.9964,164.3268,0.973216,0.905368,12.819,False,0.128506,0.425496
57,196.1133,164.6989,0.955321,0.905154,12.8335,False,0.125767,0.423386
58,204.7949,158.5194,0.951253,0.908713,12.5905,False,0.127485,0.425557
59,194.0929,162.968,0.929261,0.906151,12.7659,False,0.124266,0.424341
60,192.7031,175.3271,0.930271,0.899034,13.2411,False,0.12663,0.425652
61,193.3518,155.4124,0.936742,0.910502,12.4665,False,0.12309,0.423611
62,185.7182,155.8611,0.950954,0.910244,12.4844,False,0.120545,0.423912
63,182.3407,144.9682,0.973211,0.916517,12.0403,False,0.121893,0.425512
64,182.4347,137.463,0.967239,0.920839,11.7245,False,0.118172,0.424919
65,185.7546,151.9286,0.97372,0.912508,12.3259,False,0.117125,0.424072
66,183.0891,157.1257,0.945275,0.909515,12.535,False,0.114174,0.42018
67,182.1357,138.1195,0.960047,0.920461,11.7524,False,0.114476,0.419698
68,177.4892,148.6875,0.972176,0.914375,12.1937,False,0.112781,0.421863
69,174.1875,138.5892,0.966156,0.92019,11.7724,False,0.111918,0.417369
70,168.9718,176.6546,0.979042,0.898269,13.2911,False,0.11061,0.412779
71,172.6426,142.115,0.931612,0.91816,11.9212,False,0.108833,0.416403
72,166.4956,137.9354,0.958574,0.920567,11.7446,False,0.104168,0.411458
73,167.6412,161.7353,0.962354,0.906861,12.7175,False,0.104432,0.409644
74,170.6761,127.664,0.950355,0.926482,11.2988,False,0.103961,0.412433
75,163.0345,143.5028,0.975613,0.91736,11.9793,False,0.104226,0.412647
76,164.079,140.1918,0.958959,0.919267,11.8403,False,0.102328,0.408727
77,163.0397,133.5908,0.966256,0.923068,11.5582,False,0.101599,0.40536
78,155.4102,128.7054,0.964771,0.925882,11.3448,False,0.100873,0.402755
79,158.9323,131.3461,0.945484,0.924361,11.4606,False,0.100034,0.401289
80,160.8285,146.9079,0.964556,0.9154,12.1206,False,0.100298,0.402324
81,158.5434,139.9555,0.977482,0.919403,11.8303,False,0.103917,0.399216
82,157.5438,140.5045,0.972655,0.919087,11.8535,False,0.099885,0.397157
83,160.2989,130.9372,0.958208,0.924597,11.4428,False,0.10083,0.39509
84,155.1086,136.0643,0.9626,0.921644,11.6647,False,0.100739,0.396282
85,152.4682,146.4212,0.967794,0.91568,12.1005,False,0.099932,0.393652
86,149.7181,136.3562,0.965923,0.921476,11.6772,False,0.097914,0.391562
87,154.1518,131.7569,0.957625,0.924125,11.4785,False,0.097099,0.393361
88,150.1046,137.5597,0.964367,0.920783,11.7286,False,0.101024,0.394315
89,148.5728,135.6522,0.971719,0.921881,11.647,True,0.09582,0.392794
