cond_a,cond_b,cond_c,seed,clip,stop_epoch,RMSE,NASA,test_PDR,test_R2,test_CBR,test_RMSE_const,val_PDR,val_R2,val_CBR,val_RMSE,elapsed_s,is_collapsed
A1_fixed,B1_off,C1_unclipped,0,None,200,29.8443,61979.75,1.358619,0.480226,0.396971,75.1801,0.918542,0.741607,0.494286,44.4478,44.6,False
A1_fixed,B1_off,C1_unclipped,1,None,200,30.0707,47108.3,1.362151,0.47231,0.399983,75.1801,0.910526,0.744517,0.491495,44.1968,42.9,False
A1_fixed,B1_off,C1_unclipped,2,None,200,35.9686,29996982.77,1.510818,0.245016,0.478432,75.1801,0.943008,0.752623,0.483635,43.4899,44.3,False
A1_fixed,B1_off,C1_unclipped,3,None,200,29.5809,29507.9,1.353772,0.489362,0.393467,75.1801,0.877561,0.736136,0.499491,44.9158,43.4,False
A1_fixed,B1_off,C1_unclipped,4,None,200,35.0517,6194174.56,1.454817,0.283016,0.466237,75.1801,0.91285,0.761176,0.4752,42.7315,42.2,False
A1_fixed,B1_off,C1_unclipped,5,None,200,29.65,1208859.72,1.352272,0.486973,0.394386,75.1801,0.855772,0.745314,0.490728,44.1278,43.1,False
A1_fixed,B1_off,C1_unclipped,6,None,200,31.3416,127221.33,1.348496,0.426765,0.416887,75.1801,0.858783,0.758924,0.477436,42.9325,43.2,False
A1_fixed,B1_off,C1_unclipped,7,None,200,29.9751,150437.46,1.370303,0.475661,0.398711,75.1801,0.890628,0.738336,0.497405,44.7282,43.5,False
A1_fixed,B1_off,C1_unclipped,8,None,200,36.6051,1913250.38,1.487643,0.218059,0.486899,75.1801,0.942135,0.752049,0.484196,43.5404,42.6,False
A1_fixed,B1_off,C1_unclipped,9,None,200,30.5153,48932.96,1.395198,0.456592,0.405896,75.1801,0.902806,0.733835,0.501665,45.1113,43.3,False
A1_fixed,B1_off,C2_clip125,0,125,200,12.1478,326.06,0.978793,0.903801,0.277981,43.7,0.947367,0.932392,0.257096,10.8351,42.8,False
A1_fixed,B1_off,C2_clip125,1,125,200,12.0505,328.0,0.999037,0.905336,0.275754,43.7,0.957063,0.9318,0.25822,10.8825,43.0,False
A1_fixed,B1_off,C2_clip125,2,125,200,11.8474,321.92,1.004694,0.908499,0.271108,43.7,0.953884,0.927759,0.26576,11.2003,43.0,False
A1_fixed,B1_off,C2_clip125,3,125,200,12.1019,303.06,1.031886,0.904526,0.276931,43.7,0.97493,0.932575,0.256749,10.8205,43.2,False
A1_fixed,B1_off,C2_clip125,4,125,200,12.2827,288.19,1.010255,0.901652,0.281068,43.7,0.965475,0.932284,0.257303,10.8438,43.3,False
A1_fixed,B1_off,C2_clip125,5,125,200,13.1745,367.56,0.962859,0.886851,0.301477,43.7,0.936422,0.929653,0.262253,11.0525,42.8,False
A1_fixed,B1_off,C2_clip125,6,125,200,12.0992,282.57,0.989379,0.904568,0.276869,43.7,0.946696,0.928991,0.263484,11.1044,43.6,False
A1_fixed,B1_off,C2_clip125,7,125,200,12.0129,289.16,1.006589,0.905924,0.274895,43.7,0.957505,0.931264,0.259233,10.9252,43.7,False
A1_fixed,B1_off,C2_clip125,8,125,200,13.1218,358.91,0.990129,0.887756,0.300269,43.7,0.951945,0.93589,0.250357,10.5511,43.8,False
A1_fixed,B1_off,C2_clip125,9,125,200,12.8701,344.62,0.99983,0.89202,0.29451,43.7,0.955364,0.930838,0.260035,10.959,43.5,False
A1_fixed,B1_off,C3_clip100,0,100,200,7.1168,89.74,0.990974,0.951224,0.207049,34.3728,0.971655,0.954583,0.211462,6.8748,43.9,False
A1_fixed,B1_off,C3_clip100,1,100,200,7.0708,86.52,0.989229,0.951853,0.20571,34.3728,0.972866,0.95409,0.212606,6.912,43.2,False
A1_fixed,B1_off,C3_clip100,2,100,200,7.576,95.31,0.988284,0.944728,0.220406,34.3728,0.966996,0.951727,0.21801,7.0877,43.0,False
A1_fixed,B1_off,C3_clip100,3,100,200,7.2079,86.68,0.983669,0.949969,0.209696,34.3728,0.970126,0.955839,0.208519,6.7791,43.3,False
A1_fixed,B1_off,C3_clip100,4,100,200,7.7681,97.59,0.97635,0.941889,0.225995,34.3728,0.965667,0.949765,0.222396,7.2303,42.8,False
A1_fixed,B1_off,C3_clip100,5,100,200,7.6462,101.08,0.997654,0.943699,0.222448,34.3728,0.984381,0.948462,0.225261,7.3234,43.1,False
A1_fixed,B1_off,C3_clip100,6,100,200,7.4585,89.26,1.002583,0.946429,0.216988,34.3728,0.991242,0.950147,0.22155,7.2028,43.0,False
A1_fixed,B1_off,C3_clip100,7,100,200,7.3717,95.89,0.978051,0.947669,0.214462,34.3728,0.959355,0.956481,0.206996,6.7296,43.2,False
A1_fixed,B1_off,C3_clip100,8,100,200,7.923,103.62,0.9996,0.939548,0.230502,34.3728,0.983836,0.953856,0.213147,6.9296,43.1,False
A1_fixed,B1_off,C3_clip100,9,100,200,7.6494,86.99,0.98001,0.943651,0.222543,34.3728,0.967323,0.956209,0.207642,6.7506,43.3,False
A1_fixed,B2_from0,C1_unclipped,0,None,18,54.0399,312203.59,2e-06,-0.7042,0.718806,75.1801,1e-06,-0.00647,0.975525,87.7223,3.9,True
A1_fixed,B2_from0,C1_unclipped,1,None,19,58.5296,606372.81,1e-06,-0.999138,0.778526,75.1801,1e-06,-2.1e-05,0.972395,87.4408,4.2,True
A1_fixed,B2_from0,C1_unclipped,2,None,19,60.657,815095.77,2e-06,-1.147105,0.806823,75.1801,1e-06,-0.000862,0.972803,87.4775,4.0,True
A1_fixed,B2_from0,C1_unclipped,3,None,19,62.6272,1063425.78,1e-06,-1.288849,0.833029,75.1801,1e-06,-0.003572,0.974119,87.5959,4.0,True
A1_fixed,B2_from0,C1_unclipped,4,None,18,56.213,433893.82,3e-06,-0.844016,0.747711,75.1801,2e-06,-0.001832,0.973275,87.5199,3.8,True
A1_fixed,B2_from0,C1_unclipped,5,None,48,38.2343,80410.87,1.492863,0.146905,0.508569,75.1801,0.832884,0.711242,0.522523,46.9869,10.5,False
A1_fixed,B2_from0,C1_unclipped,6,None,19,57.0881,493222.03,1e-06,-0.901874,0.759351,75.1801,1e-06,-0.000791,0.972769,87.4745,4.1,True
A1_fixed,B2_from0,C1_unclipped,7,None,19,59.0684,654163.49,1e-06,-1.036111,0.785692,75.1801,1e-06,-1.9e-05,0.972393,87.4407,4.0,True
A1_fixed,B2_from0,C1_unclipped,8,None,19,60.3237,778679.68,2e-06,-1.123576,0.80239,75.1801,1e-06,-0.000583,0.972668,87.4653,4.1,True
A1_fixed,B2_from0,C1_unclipped,9,None,18,54.6207,341481.28,2e-06,-0.741027,0.726531,75.1801,1e-06,-0.004926,0.974776,87.655,4.1,True
A1_fixed,B2_from0,C2_clip125,0,125,18,41.2355,30426.04,3e-06,-0.108463,0.943603,43.7,3e-06,-2.4e-05,0.988786,41.6717,3.9,True
A1_fixed,B2_from0,C2_clip125,1,125,19,41.6058,34014.27,1e-06,-0.128461,0.952077,43.7,1e-06,-0.000524,0.989032,41.6821,4.1,True
A1_fixed,B2_from0,C2_clip125,2,125,127,11.8474,321.92,1.004694,0.908499,0.271108,43.7,0.953884,0.927759,0.26576,11.2003,27.3,False
A1_fixed,B2_from0,C2_clip125,3,125,35,41.6898,34849.92,1e-06,-0.133026,0.954,43.7,1e-06,-0.000829,0.989183,41.6885,7.6,True
A1_fixed,B2_from0,C2_clip125,4,125,18,41.571,33670.89,4e-06,-0.126575,0.951281,43.7,3e-06,-0.000419,0.988981,41.68,3.9,True
A1_fixed,B2_from0,C2_clip125,5,125,75,15.3118,725.45,0.989522,0.847161,0.350385,43.7,0.945928,0.902725,0.308388,12.9968,16.0,False
A1_fixed,B2_from0,C2_clip125,6,125,19,41.4531,32517.57,2e-06,-0.120196,0.948584,43.7,2e-06,-0.000143,0.988844,41.6742,4.2,True
A1_fixed,B2_from0,C2_clip125,7,125,32,41.7454,35406.36,1e-06,-0.136046,0.955271,43.7,1e-06,-0.001067,0.989301,41.6935,6.9,True
A1_fixed,B2_from0,C2_clip125,8,125,26,41.8351,36313.56,2e-06,-0.140937,0.957325,43.7,2e-06,-0.00151,0.98952,41.7027,5.5,True
A1_fixed,B2_from0,C2_clip125,9,125,18,41.306,31098.32,4e-06,-0.112258,0.945217,43.7,3e-06,-6e-06,0.988776,41.6713,3.9,True
A1_fixed,B2_from0,C3_clip100,0,100,24,33.3633,10764.83,3e-06,-0.071929,0.970632,34.3728,3e-06,-0.000502,0.992505,32.2673,5.2,True
A1_fixed,B2_from0,C3_clip100,1,100,135,7.0708,86.52,0.989229,0.951853,0.20571,34.3728,0.972866,0.95409,0.212606,6.912,29.0,False
A1_fixed,B2_from0,C3_clip100,2,100,116,7.5092,95.23,0.996841,0.945698,0.218463,34.3728,0.979297,0.951001,0.219643,7.1408,24.9,False
A1_fixed,B2_from0,C3_clip100,3,100,18,33.0664,9562.72,2e-06,-0.052936,0.961994,34.3728,2e-06,-0.000253,0.992381,32.2633,3.8,True
A1_fixed,B2_from0,C3_clip100,4,100,105,9.1685,143.33,0.985479,0.919048,0.266739,34.3728,0.98108,0.940555,0.241925,7.8652,22.4,False
A1_fixed,B2_from0,C3_clip100,5,100,75,11.0406,240.96,0.965131,0.882614,0.321203,34.3728,0.95662,0.929407,0.263637,8.5711,16.2,False
A1_fixed,B2_from0,C3_clip100,6,100,38,33.3648,10770.92,1e-06,-0.072025,0.970675,34.3728,1e-06,-0.000507,0.992507,32.2674,8.3,True
A1_fixed,B2_from0,C3_clip100,7,100,32,33.3344,10648.44,2e-06,-0.070071,0.96979,34.3728,2e-06,-0.000357,0.992433,32.2649,7.0,True
A1_fixed,B2_from0,C3_clip100,8,100,26,33.3897,10871.13,3e-06,-0.073628,0.9714,34.3728,3e-06,-0.000652,0.992579,32.2697,5.4,True
A1_fixed,B2_from0,C3_clip100,9,100,79,8.7099,113.66,0.966452,0.926945,0.253395,34.3728,0.955831,0.94388,0.235062,7.6421,16.9,False
A1_fixed,B3_warmup,C1_unclipped,0,None,56,40.3376,1162625.92,1.495904,0.050465,0.536546,75.1801,0.862755,0.720294,0.514267,46.2445,12.0,False
A1_fixed,B3_warmup,C1_unclipped,1,None,88,30.0707,47108.3,1.362151,0.47231,0.399983,75.1801,0.910526,0.744517,0.491495,44.1968,19.0,False
A1_fixed,B3_warmup,C1_unclipped,2,None,74,41.2023,8965076.84,1.540279,0.009319,0.548048,75.1801,0.942507,0.729163,0.506048,45.5055,16.0,False
A1_fixed,B3_warmup,C1_unclipped,3,None,87,39.5605,845325.37,1.555782,0.086697,0.52621,75.1801,0.953874,0.734768,0.500785,45.0321,18.7,False
A1_fixed,B3_warmup,C1_unclipped,4,None,70,35.0517,6194174.56,1.454817,0.283016,0.466237,75.1801,0.91285,0.761176,0.4752,42.7315,15.1,False
A1_fixed,B3_warmup,C1_unclipped,5,None,48,38.2343,80410.87,1.492863,0.146905,0.508569,75.1801,0.832884,0.711242,0.522523,46.9869,10.3,False
A1_fixed,B3_warmup,C1_unclipped,6,None,67,43.4227,2041849.43,1.513723,-0.100333,0.577582,75.1801,0.869803,0.70154,0.531228,47.7697,14.4,False
A1_fixed,B3_warmup,C1_unclipped,7,None,78,30.9215,2003802.84,1.373512,0.442026,0.4113,75.1801,0.855035,0.736549,0.4991,44.8807,16.9,False
A1_fixed,B3_warmup,C1_unclipped,8,None,59,40.293,4185412.24,1.548843,0.052562,0.535953,75.1801,0.92434,0.742211,0.493708,44.3958,12.6,False
A1_fixed,B3_warmup,C1_unclipped,9,None,57,35.6102,1824985.36,1.460021,0.259986,0.473665,75.1801,0.882425,0.730467,0.504829,45.3958,12.4,False
A1_fixed,B3_warmup,C2_clip125,0,125,106,12.0567,312.8,1.011537,0.905237,0.275897,43.7,0.955338,0.925212,0.270403,11.396,22.6,False
A1_fixed,B3_warmup,C2_clip125,1,125,115,12.0288,316.62,1.010959,0.905676,0.275258,43.7,0.964334,0.927284,0.266631,11.237,24.8,False
A1_fixed,B3_warmup,C2_clip125,2,125,127,11.8474,321.92,1.004694,0.908499,0.271108,43.7,0.953884,0.927759,0.26576,11.2003,27.2,False
A1_fixed,B3_warmup,C2_clip125,3,125,95,12.5743,288.59,0.999221,0.896926,0.287742,43.7,0.948748,0.924453,0.271773,11.4537,20.5,False
A1_fixed,B3_warmup,C2_clip125,4,125,98,12.1446,273.54,0.997845,0.90385,0.277909,43.7,0.956237,0.925963,0.269042,11.3386,21.1,False
A1_fixed,B3_warmup,C2_clip125,5,125,75,15.3118,725.45,0.989522,0.847161,0.350385,43.7,0.945928,0.902725,0.308388,12.9968,16.3,False
A1_fixed,B3_warmup,C2_clip125,6,125,130,11.9395,293.07,0.999467,0.90707,0.273216,43.7,0.948871,0.925954,0.269058,11.3393,27.8,False
A1_fixed,B3_warmup,C2_clip125,7,125,122,11.841,277.67,1.000307,0.908597,0.270962,43.7,0.954622,0.92972,0.262127,11.0472,26.3,False
A1_fixed,B3_warmup,C2_clip125,8,125,108,12.1069,272.64,1.012599,0.904446,0.277047,43.7,0.965989,0.923511,0.273461,11.5249,23.3,False
A1_fixed,B3_warmup,C2_clip125,9,125,105,12.3227,286.86,0.990818,0.90101,0.281984,43.7,0.955804,0.926674,0.267747,11.284,22.6,False
A1_fixed,B3_warmup,C3_clip100,0,100,102,7.798,100.68,0.977431,0.941441,0.226865,34.3728,0.967497,0.945288,0.232095,7.5456,22.1,False
A1_fixed,B3_warmup,C3_clip100,1,100,135,7.0708,86.52,0.989229,0.951853,0.20571,34.3728,0.972866,0.95409,0.212606,6.912,29.2,False
A1_fixed,B3_warmup,C3_clip100,2,100,116,7.5092,95.23,0.996841,0.945698,0.218463,34.3728,0.979297,0.951001,0.219643,7.1408,25.0,False
A1_fixed,B3_warmup,C3_clip100,3,100,114,7.641,102.05,0.982236,0.943776,0.222297,34.3728,0.96274,0.95184,0.217755,7.0794,24.4,False
A1_fixed,B3_warmup,C3_clip100,4,100,105,9.1685,143.33,0.985479,0.919048,0.266739,34.3728,0.98108,0.940555,0.241925,7.8652,22.8,False
A1_fixed,B3_warmup,C3_clip100,5,100,75,11.0406,240.96,0.965131,0.882614,0.321203,34.3728,0.95662,0.929407,0.263637,8.5711,16.3,False
A1_fixed,B3_warmup,C3_clip100,6,100,120,7.4758,93.55,0.969845,0.94618,0.217492,34.3728,0.952949,0.948418,0.225357,7.3266,26.0,False
A1_fixed,B3_warmup,C3_clip100,7,100,157,7.3717,95.89,0.978051,0.947669,0.214462,34.3728,0.959355,0.956481,0.206996,6.7296,33.8,False
A1_fixed,B3_warmup,C3_clip100,8,100,101,8.7394,127.5,0.958999,0.926448,0.254255,34.3728,0.944422,0.946486,0.22954,7.4626,21.8,False
A1_fixed,B3_warmup,C3_clip100,9,100,79,8.7099,113.66,0.966452,0.926945,0.253395,34.3728,0.955831,0.94388,0.235062,7.6421,16.9,False
A2_per_seed,B1_off,C1_unclipped,0,None,200,39.3505,1801076.4,1.528114,0.096367,0.523417,75.1801,0.726856,0.636882,0.599983,68.6859,42.3,False
A2_per_seed,B1_off,C1_unclipped,1,None,200,34.2176,351860.12,1.461744,0.316735,0.455141,75.1801,0.841803,0.76944,0.478158,46.292,42.8,False
A2_per_seed,B1_off,C1_unclipped,2,None,200,33.6035,1366651.58,1.449069,0.341037,0.446974,75.1801,0.898221,0.818449,0.408358,36.2918,42.7,False
A2_per_seed,B1_off,C1_unclipped,3,None,200,37.1658,698781.4,1.488867,0.19392,0.494357,75.1801,0.865391,0.809009,0.436492,45.6896,42.8,False
A2_per_seed,B1_off,C1_unclipped,4,None,200,42.2107,54293729.24,1.572325,-0.039766,0.561461,75.1801,0.834979,0.674259,0.57032,59.1992,42.7,False
A2_per_seed,B1_off,C1_unclipped,5,None,200,27.6475,113820.98,1.308249,0.55393,0.36775,75.1801,0.878335,0.811774,0.433813,42.5314,42.5,False
A2_per_seed,B1_off,C1_unclipped,6,None,200,36.3012,2935289.43,1.450644,0.230986,0.482857,75.1801,0.896217,0.783473,0.464836,46.7918,42.5,False
A2_per_seed,B1_off,C1_unclipped,7,None,200,25.7471,15119.75,1.280128,0.613145,0.342472,75.1801,1.078568,0.722953,0.488461,39.6919,43.0,False
A2_per_seed,B1_off,C1_unclipped,8,None,200,35.9828,21090794.64,1.478486,0.24442,0.478621,75.1801,0.89516,0.759176,0.489502,51.0213,42.8,False
A2_per_seed,B1_off,C1_unclipped,9,None,200,50.3315,239389954000.34,1.645341,-0.478326,0.669478,75.1801,0.874188,0.654459,0.587339,62.1978,42.5,False
A2_per_seed,B1_off,C2_clip125,0,125,200,13.2287,412.04,1.01869,0.885919,0.302716,43.7,0.985743,0.913136,0.294684,12.0228,42.6,False
A2_per_seed,B1_off,C2_clip125,1,125,200,12.1048,292.51,1.006119,0.90448,0.276997,43.7,0.961572,0.940241,0.243385,10.1176,43.2,False
A2_per_seed,B1_off,C2_clip125,2,125,200,11.2715,211.01,1.018484,0.917178,0.257929,43.7,0.963846,0.921237,0.276318,11.7206,42.9,False
A2_per_seed,B1_off,C2_clip125,3,125,200,11.8401,305.44,1.017425,0.908611,0.270941,43.7,0.971144,0.945846,0.232708,9.4649,42.8,False
A2_per_seed,B1_off,C2_clip125,4,125,200,13.9837,452.11,0.999584,0.872526,0.319993,43.7,0.953553,0.935254,0.253945,10.4782,42.6,False
A2_per_seed,B1_off,C2_clip125,5,125,200,12.7007,321.46,1.024062,0.894844,0.290633,43.7,0.974856,0.937275,0.250417,10.2135,42.7,False
A2_per_seed,B1_off,C2_clip125,6,125,200,12.0392,317.22,1.00957,0.905512,0.275498,43.7,0.9531,0.932496,0.259314,10.6969,42.3,False
A2_per_seed,B1_off,C2_clip125,7,125,200,12.3028,290.17,0.995351,0.901329,0.28153,43.7,0.956357,0.9058,0.300815,12.8312,42.8,False
A2_per_seed,B1_off,C2_clip125,8,125,200,12.5682,287.94,1.006227,0.897026,0.287603,43.7,0.95835,0.926766,0.268757,11.2399,43.0,False
A2_per_seed,B1_off,C2_clip125,9,125,200,12.5727,307.01,1.014752,0.896952,0.287705,43.7,0.975774,0.941967,0.240877,9.8197,43.0,False
A2_per_seed,B1_off,C3_clip100,0,100,200,8.3284,122.05,0.997781,0.933203,0.242297,34.3728,1.00341,0.936006,0.252943,7.8502,42.6,False
A2_per_seed,B1_off,C3_clip100,1,100,200,7.5787,87.33,0.979368,0.944688,0.220487,34.3728,0.965308,0.963233,0.191159,6.095,42.7,False
A2_per_seed,B1_off,C3_clip100,2,100,200,7.6281,89.01,1.002965,0.943965,0.221922,34.3728,0.987636,0.944411,0.233273,7.6518,42.9,False
A2_per_seed,B1_off,C3_clip100,3,100,200,7.6805,100.59,1.005301,0.943192,0.223447,34.3728,0.982475,0.958727,0.203157,6.2753,42.4,False
A2_per_seed,B1_off,C3_clip100,4,100,200,7.4524,95.55,0.972638,0.946516,0.216812,34.3728,0.96988,0.958103,0.204399,6.4478,42.5,False
A2_per_seed,B1_off,C3_clip100,5,100,200,8.8058,130.9,0.979393,0.925326,0.256187,34.3728,0.971162,0.958539,0.203601,6.3159,42.4,False
A2_per_seed,B1_off,C3_clip100,6,100,200,7.5256,93.79,0.983291,0.945461,0.21894,34.3728,0.96721,0.957216,0.206561,6.5135,42.6,False
A2_per_seed,B1_off,C3_clip100,7,100,200,9.0548,138.93,0.980703,0.921044,0.26343,34.3728,0.963646,0.928722,0.263357,8.708,43.2,False
A2_per_seed,B1_off,C3_clip100,8,100,200,6.8996,73.72,0.994757,0.954156,0.200729,34.3728,0.970573,0.955593,0.209719,6.7426,42.5,False
A2_per_seed,B1_off,C3_clip100,9,100,200,7.6835,98.3,0.978976,0.943148,0.223535,34.3728,0.977047,0.953476,0.215678,6.6859,42.8,False
A2_per_seed,B2_from0,C1_unclipped,0,None,82,39.3505,1801076.4,1.528114,0.096367,0.523417,75.1801,0.726856,0.636882,0.599983,68.6859,17.3,False
A2_per_seed,B2_from0,C1_unclipped,1,None,96,40.898,4862387.97,1.506146,0.023898,0.544,75.1801,0.822788,0.708412,0.53773,52.0594,20.6,False
A2_per_seed,B2_from0,C1_unclipped,2,None,19,61.9384,969775.94,2e-06,-1.238781,0.823867,75.1801,1e-06,-0.010403,0.96336,85.6163,4.0,True
A2_per_seed,B2_from0,C1_unclipped,3,None,69,40.5897,6865423.58,1.490114,0.038557,0.5399,75.1801,0.772817,0.767177,0.481929,50.4458,14.9,False
A2_per_seed,B2_from0,C1_unclipped,4,None,62,41.9992,8112149.06,1.509407,-0.029373,0.558648,75.1801,0.845459,0.656516,0.585646,60.7901,13.0,False
A2_per_seed,B2_from0,C1_unclipped,5,None,67,28.8234,90319.54,1.232065,0.515178,0.383392,75.1801,0.82582,0.808017,0.43812,42.9537,14.2,False
A2_per_seed,B2_from0,C1_unclipped,6,None,40,64.118,1294856.3,1e-06,-1.399113,0.852858,75.1801,0.0,-0.00833,1.0031,100.9752,8.4,True
A2_per_seed,B2_from0,C1_unclipped,7,None,19,59.7071,715111.18,1e-06,-1.080385,0.794188,75.1801,1e-06,-0.01955,0.937038,76.1429,4.2,True
A2_per_seed,B2_from0,C1_unclipped,8,None,27,64.4609,1354210.82,1e-06,-1.424841,0.857419,75.1801,1e-06,-0.003274,0.999111,104.1384,5.7,True
A2_per_seed,B2_from0,C1_unclipped,9,None,53,50.3315,239389954000.34,1.645341,-0.478326,0.669478,75.1801,0.874188,0.654459,0.587339,62.1978,11.2,False
A2_per_seed,B2_from0,C2_clip125,0,125,149,13.4538,440.03,1.019672,0.882003,0.307868,43.7,0.979589,0.909105,0.301443,12.2986,31.7,False
A2_per_seed,B2_from0,C2_clip125,1,125,112,12.0267,276.46,1.029412,0.905708,0.275211,43.7,0.986207,0.936605,0.250678,10.4208,24.3,False
A2_per_seed,B2_from0,C2_clip125,2,125,19,41.8842,36814.01,2e-06,-0.143617,0.958449,43.7,2e-06,-0.004763,0.986914,41.8619,4.1,True
A2_per_seed,B2_from0,C2_clip125,3,125,140,12.7033,329.66,1.048945,0.8948,0.290694,43.7,0.987967,0.941499,0.241867,9.8374,29.9,False
A2_per_seed,B2_from0,C2_clip125,4,125,123,13.4299,356.12,1.026377,0.882423,0.30732,43.7,0.987366,0.927875,0.268024,11.0591,26.3,False
A2_per_seed,B2_from0,C2_clip125,5,125,180,13.3265,366.33,1.022819,0.884226,0.304953,43.7,0.967705,0.935683,0.253576,10.3423,37.6,False
A2_per_seed,B2_from0,C2_clip125,6,125,126,12.5295,293.64,1.005429,0.89766,0.286715,43.7,0.952233,0.928963,0.266013,10.9732,25.9,False
A2_per_seed,B2_from0,C2_clip125,7,125,31,41.8167,36126.48,1e-06,-0.139932,0.956903,43.7,1e-06,-0.007977,0.984008,41.9725,6.3,True
A2_per_seed,B2_from0,C2_clip125,8,125,19,41.7337,35288.76,3e-06,-0.13541,0.955003,43.7,3e-06,-7e-06,0.993126,41.5344,3.9,True
A2_per_seed,B2_from0,C2_clip125,9,125,128,12.1275,301.84,1.005878,0.904122,0.277517,43.7,0.957524,0.935344,0.254251,10.3649,26.7,False
A2_per_seed,B2_from0,C3_clip100,0,100,105,9.7615,162.54,0.987518,0.908239,0.283989,34.3728,0.995893,0.923583,0.276407,8.5785,21.5,False
A2_per_seed,B2_from0,C3_clip100,1,100,105,7.9318,98.31,0.977936,0.939414,0.230759,34.3728,0.96279,0.955181,0.211056,6.7294,22.6,False
A2_per_seed,B2_from0,C3_clip100,2,100,123,7.461,88.02,0.992111,0.946394,0.21706,34.3728,0.970717,0.942747,0.236739,7.7654,26.3,False
A2_per_seed,B2_from0,C3_clip100,3,100,110,8.4714,121.64,0.964573,0.93089,0.246458,34.3728,0.953964,0.954187,0.214038,6.6113,23.5,False
A2_per_seed,B2_from0,C3_clip100,4,100,125,7.878,102.19,0.982066,0.940233,0.229194,34.3728,0.986023,0.951936,0.218926,6.9061,26.7,False
A2_per_seed,B2_from0,C3_clip100,5,100,195,8.8058,130.9,0.979393,0.925326,0.256187,34.3728,0.971162,0.958539,0.203601,6.3159,41.3,False
A2_per_seed,B2_from0,C3_clip100,6,100,147,7.4449,96.78,0.981153,0.946624,0.216592,34.3728,0.96325,0.956376,0.20858,6.5772,30.5,False
A2_per_seed,B2_from0,C3_clip100,7,100,100,9.0548,138.93,0.980703,0.921044,0.26343,34.3728,0.963646,0.928722,0.263357,8.708,21.0,False
A2_per_seed,B2_from0,C3_clip100,8,100,99,8.7109,132.54,1.018801,0.926928,0.253424,34.3728,0.99414,0.941049,0.241632,7.7687,20.7,False
A2_per_seed,B2_from0,C3_clip100,9,100,117,8.8184,140.17,0.960415,0.925114,0.25655,34.3728,0.960178,0.948006,0.228005,7.068,24.4,False
A2_per_seed,B3_warmup,C1_unclipped,0,None,82,39.3505,1801076.4,1.528114,0.096367,0.523417,75.1801,0.726856,0.636882,0.599983,68.6859,16.9,False
A2_per_seed,B3_warmup,C1_unclipped,1,None,96,40.898,4862387.97,1.506146,0.023898,0.544,75.1801,0.822788,0.708412,0.53773,52.0594,20.2,False
A2_per_seed,B3_warmup,C1_unclipped,2,None,95,33.6035,1366651.58,1.449069,0.341037,0.446974,75.1801,0.898221,0.818449,0.408358,36.2918,19.9,False
A2_per_seed,B3_warmup,C1_unclipped,3,None,69,40.5897,6865423.58,1.490114,0.038557,0.5399,75.1801,0.772817,0.767177,0.481929,50.4458,14.5,False
A2_per_seed,B3_warmup,C1_unclipped,4,None,62,41.9992,8112149.06,1.509407,-0.029373,0.558648,75.1801,0.845459,0.656516,0.585646,60.7901,12.9,False
A2_per_seed,B3_warmup,C1_unclipped,5,None,67,28.8234,90319.54,1.232065,0.515178,0.383392,75.1801,0.82582,0.808017,0.43812,42.9537,13.9,False
A2_per_seed,B3_warmup,C1_unclipped,6,None,111,31.4341,47176087.6,1.337528,0.423375,0.418117,75.1801,0.834396,0.782423,0.465961,46.9051,23.5,False
A2_per_seed,B3_warmup,C1_unclipped,7,None,106,30.2428,119115.12,1.30137,0.466255,0.402271,75.1801,1.01485,0.692984,0.514201,41.7836,22.5,False
A2_per_seed,B3_warmup,C1_unclipped,8,None,74,50.6064,50491683.97,1.666063,-0.49452,0.673135,75.1801,0.880176,0.734603,0.513869,53.5611,15.9,False
A2_per_seed,B3_warmup,C1_unclipped,9,None,53,50.3315,239389954000.34,1.645341,-0.478326,0.669478,75.1801,0.874188,0.654459,0.587339,62.1978,11.3,False
A2_per_seed,B3_warmup,C2_clip125,0,125,149,13.4538,440.03,1.019672,0.882003,0.307868,43.7,0.979589,0.909105,0.301443,12.2986,31.5,False
A2_per_seed,B3_warmup,C2_clip125,1,125,112,12.0267,276.46,1.029412,0.905708,0.275211,43.7,0.986207,0.936605,0.250678,10.4208,24.1,False
A2_per_seed,B3_warmup,C2_clip125,2,125,113,12.2053,273.88,1.020701,0.902886,0.279299,43.7,0.965293,0.914624,0.287684,12.2027,24.1,False
A2_per_seed,B3_warmup,C2_clip125,3,125,140,12.7033,329.66,1.048945,0.8948,0.290694,43.7,0.987967,0.941499,0.241867,9.8374,29.8,False
A2_per_seed,B3_warmup,C2_clip125,4,125,123,13.4299,356.12,1.026377,0.882423,0.30732,43.7,0.987366,0.927875,0.268024,11.0591,26.0,False
A2_per_seed,B3_warmup,C2_clip125,5,125,180,13.3265,366.33,1.022819,0.884226,0.304953,43.7,0.967705,0.935683,0.253576,10.3423,38.2,False
A2_per_seed,B3_warmup,C2_clip125,6,125,126,12.5295,293.64,1.005429,0.89766,0.286715,43.7,0.952233,0.928963,0.266013,10.9732,26.8,False
A2_per_seed,B3_warmup,C2_clip125,7,125,114,12.9966,248.81,0.994184,0.889887,0.297405,43.7,0.960014,0.899338,0.310961,13.2639,24.0,False
A2_per_seed,B3_warmup,C2_clip125,8,125,149,12.5234,313.29,1.017651,0.89776,0.286576,43.7,0.957096,0.921951,0.277451,11.6035,31.2,False
A2_per_seed,B3_warmup,C2_clip125,9,125,128,12.1275,301.84,1.005878,0.904122,0.277517,43.7,0.957524,0.935344,0.254251,10.3649,26.8,False
A2_per_seed,B3_warmup,C3_clip100,0,100,105,9.7615,162.54,0.987518,0.908239,0.283989,34.3728,0.995893,0.923583,0.276407,8.5785,21.7,False
A2_per_seed,B3_warmup,C3_clip100,1,100,105,7.9318,98.31,0.977936,0.939414,0.230759,34.3728,0.96279,0.955181,0.211056,6.7294,22.3,False
A2_per_seed,B3_warmup,C3_clip100,2,100,123,7.461,88.02,0.992111,0.946394,0.21706,34.3728,0.970717,0.942747,0.236739,7.7654,26.1,False
A2_per_seed,B3_warmup,C3_clip100,3,100,110,8.4714,121.64,0.964573,0.93089,0.246458,34.3728,0.953964,0.954187,0.214038,6.6113,23.6,False
A2_per_seed,B3_warmup,C3_clip100,4,100,125,7.878,102.19,0.982066,0.940233,0.229194,34.3728,0.986023,0.951936,0.218926,6.9061,26.6,False
A2_per_seed,B3_warmup,C3_clip100,5,100,195,8.8058,130.9,0.979393,0.925326,0.256187,34.3728,0.971162,0.958539,0.203601,6.3159,41.8,False
A2_per_seed,B3_warmup,C3_clip100,6,100,147,7.4449,96.78,0.981153,0.946624,0.216592,34.3728,0.96325,0.956376,0.20858,6.5772,31.2,False
A2_per_seed,B3_warmup,C3_clip100,7,100,100,9.0548,138.93,0.980703,0.921044,0.26343,34.3728,0.963646,0.928722,0.263357,8.708,20.8,False
A2_per_seed,B3_warmup,C3_clip100,8,100,99,8.7109,132.54,1.018801,0.926928,0.253424,34.3728,0.99414,0.941049,0.241632,7.7687,20.7,False
A2_per_seed,B3_warmup,C3_clip100,9,100,117,8.8184,140.17,0.960415,0.925114,0.25655,34.3728,0.960178,0.948006,0.228005,7.068,24.3,False
A3_stratified,B1_off,C1_unclipped,0,None,200,31.3083,89952.62,1.395844,0.427982,0.416444,75.1801,0.941524,0.774876,0.473081,46.4757,41.9,False
A3_stratified,B1_off,C1_unclipped,1,None,200,27.9405,286425.48,1.328745,0.544424,0.371648,75.1801,0.942715,0.834552,0.399491,34.957,42.3,False
A3_stratified,B1_off,C1_unclipped,2,None,200,28.6399,42605.35,1.316539,0.521332,0.380951,75.1801,0.863661,0.728103,0.505275,42.2861,42.2,False
A3_stratified,B1_off,C1_unclipped,3,None,200,38.4601,17641603.73,1.477961,0.1368,0.511573,75.1801,0.793446,0.761297,0.48653,48.5815,42.7,False
A3_stratified,B1_off,C1_unclipped,4,None,200,26.4412,7654.17,1.234628,0.592007,0.351704,75.1801,0.858631,0.82481,0.410958,37.0691,42.9,False
A3_stratified,B1_off,C1_unclipped,5,None,200,35.985,273777.06,1.442631,0.244325,0.478651,75.1801,0.845886,0.733791,0.513583,48.0085,42.7,False
A3_stratified,B1_off,C1_unclipped,6,None,200,43.3006,15625814.36,1.595891,-0.094154,0.575958,75.1801,0.881339,0.789198,0.445214,37.5015,43.1,False
A3_stratified,B1_off,C1_unclipped,7,None,200,43.0516,27392940.77,1.580784,-0.081609,0.572647,75.1801,0.820579,0.646049,0.59485,60.3805,42.8,False
A3_stratified,B1_off,C1_unclipped,8,None,200,34.6254,18338205.91,1.406246,0.300352,0.460565,75.1801,0.941339,0.742497,0.503092,45.976,42.8,False
A3_stratified,B1_off,C1_unclipped,9,None,200,29.5518,31749.72,1.33971,0.490367,0.39308,75.1801,0.813199,0.778178,0.470401,46.4047,43.0,False
A3_stratified,B1_off,C2_clip125,0,125,200,12.2959,254.24,1.014003,0.901441,0.28137,43.7,0.958661,0.915314,0.289828,12.0429,42.9,False
A3_stratified,B1_off,C2_clip125,1,125,200,11.9524,286.47,1.021856,0.906869,0.273511,43.7,0.958177,0.918791,0.283284,11.8201,42.9,False
A3_stratified,B1_off,C2_clip125,2,125,200,12.2629,275.68,1.017514,0.901968,0.280616,43.7,0.978854,0.911845,0.294717,12.3352,43.1,False
A3_stratified,B1_off,C2_clip125,3,125,200,12.1547,257.77,1.004794,0.903691,0.278139,43.7,0.964448,0.939802,0.244127,10.1659,42.8,False
A3_stratified,B1_off,C2_clip125,4,125,200,12.5719,288.16,1.015375,0.896966,0.287685,43.7,0.966142,0.937508,0.248259,10.3805,43.1,False
A3_stratified,B1_off,C2_clip125,5,125,200,13.478,443.67,1.012465,0.881578,0.308421,43.7,0.968447,0.914126,0.292151,12.1014,42.8,False
A3_stratified,B1_off,C2_clip125,6,125,200,12.2689,288.63,1.037426,0.901872,0.280754,43.7,0.979622,0.919296,0.28186,11.8075,43.2,False
A3_stratified,B1_off,C2_clip125,7,125,200,12.698,278.23,1.018881,0.894888,0.290572,43.7,0.977467,0.911321,0.297546,12.209,42.6,False
A3_stratified,B1_off,C2_clip125,8,125,200,11.6413,302.13,1.002602,0.911655,0.26639,43.7,0.946953,0.926763,0.269534,11.1939,42.9,False
A3_stratified,B1_off,C2_clip125,9,125,200,11.7448,239.05,1.035209,0.910076,0.26876,43.7,0.981309,0.92687,0.2698,11.1457,42.9,False
A3_stratified,B1_off,C3_clip100,0,100,200,7.5846,107.64,1.004249,0.944603,0.220656,34.3728,0.973086,0.939473,0.245317,7.8133,42.6,False
A3_stratified,B1_off,C3_clip100,1,100,200,7.4902,94.29,0.969539,0.945972,0.217911,34.3728,0.951822,0.938485,0.247,7.9172,43.5,False
A3_stratified,B1_off,C3_clip100,2,100,200,8.0877,110.61,1.003282,0.93701,0.235293,34.3728,0.982321,0.942161,0.239265,7.703,43.2,False
A3_stratified,B1_off,C3_clip100,3,100,200,8.0855,115.0,0.982447,0.937043,0.235231,34.3728,0.964486,0.956385,0.208112,6.6506,42.9,False
A3_stratified,B1_off,C3_clip100,4,100,200,9.472,180.35,0.978443,0.913601,0.275566,34.3728,0.970473,0.95311,0.215503,6.9284,43.0,False
A3_stratified,B1_off,C3_clip100,5,100,200,9.6212,175.95,0.97907,0.910857,0.279907,34.3728,0.990653,0.93222,0.259786,8.2385,43.0,False
A3_stratified,B1_off,C3_clip100,6,100,200,7.1059,82.67,0.972601,0.951374,0.206731,34.3728,0.960793,0.944443,0.234425,7.5567,43.2,False
A3_stratified,B1_off,C3_clip100,7,100,200,8.2921,116.11,0.986787,0.933786,0.241239,34.3728,0.9936,0.940825,0.243118,7.6079,42.7,False
A3_stratified,B1_off,C3_clip100,8,100,200,7.7194,99.43,0.992818,0.942615,0.22458,34.3728,0.980047,0.951451,0.219718,6.9959,42.9,False
A3_stratified,B1_off,C3_clip100,9,100,200,7.4921,95.45,0.965138,0.945946,0.217965,34.3728,0.949709,0.943336,0.237655,7.5096,43.0,False
A3_stratified,B2_from0,C1_unclipped,0,None,120,31.3083,89952.62,1.395844,0.427982,0.416444,75.1801,0.941524,0.774876,0.473081,46.4757,25.7,False
A3_stratified,B2_from0,C1_unclipped,1,None,20,64.7391,1404185.9,1e-06,-1.445817,0.86112,75.1801,0.0,-0.00164,0.98295,86.0121,4.3,True
A3_stratified,B2_from0,C1_unclipped,2,None,19,61.7735,948492.13,2e-06,-1.226876,0.821674,75.1801,1e-06,-0.002161,0.970051,81.1829,4.1,True
A3_stratified,B2_from0,C1_unclipped,3,None,78,38.4601,17641603.73,1.477961,0.1368,0.511573,75.1801,0.793446,0.761297,0.48653,48.5815,16.7,False
A3_stratified,B2_from0,C1_unclipped,4,None,84,33.6297,1702043.17,1.406443,0.340009,0.447322,75.1801,0.849911,0.814066,0.423372,38.1888,18.2,False
A3_stratified,B2_from0,C1_unclipped,5,None,79,51.2043,55229104.62,1.584211,-0.530047,0.681089,75.1801,0.817052,0.691869,0.552545,51.6505,16.8,False
A3_stratified,B2_from0,C1_unclipped,6,None,19,57.518,524858.15,1e-06,-0.930628,0.765069,75.1801,1e-06,-0.000754,0.970052,81.71,4.1,True
A3_stratified,B2_from0,C1_unclipped,7,None,85,43.0516,27392940.77,1.580784,-0.081609,0.572647,75.1801,0.820579,0.646049,0.59485,60.3805,18.1,False
A3_stratified,B2_from0,C1_unclipped,8,None,22,65.4765,1544978.81,2e-06,-1.501858,0.870929,75.1801,1e-06,-2e-06,0.991418,90.6026,4.8,True
A3_stratified,B2_from0,C1_unclipped,9,None,26,64.3379,1332646.84,2e-06,-1.415598,0.855784,75.1801,1e-06,-0.007647,1.002582,98.9038,5.6,True
A3_stratified,B2_from0,C2_clip125,0,125,72,14.6854,466.24,1.005936,0.859411,0.336051,43.7,0.952093,0.912356,0.294845,12.2514,15.6,False
A3_stratified,B2_from0,C2_clip125,1,125,147,11.0538,218.97,1.004867,0.920346,0.252948,43.7,0.945053,0.915547,0.288885,12.0538,31.5,False
A3_stratified,B2_from0,C2_clip125,2,125,19,41.7239,35190.51,2e-06,-0.134877,0.954779,43.7,2e-06,-6e-06,0.99262,41.5455,4.1,True
A3_stratified,B2_from0,C2_clip125,3,125,33,42.013,38140.08,1e-06,-0.150658,0.961395,43.7,1e-06,-2e-06,0.995001,41.4336,7.2,True
A3_stratified,B2_from0,C2_clip125,4,125,69,14.4029,396.88,1.011782,0.864768,0.329585,43.7,0.964031,0.923823,0.274097,11.4609,14.7,False
A3_stratified,B2_from0,C2_clip125,5,125,97,14.9462,466.06,0.991909,0.854373,0.342018,43.7,0.954021,0.906528,0.304802,12.6254,20.9,False
A3_stratified,B2_from0,C2_clip125,6,125,179,12.2689,288.63,1.037426,0.901872,0.280754,43.7,0.979622,0.919296,0.28186,11.8075,38.7,False
A3_stratified,B2_from0,C2_clip125,7,125,88,14.1878,378.18,0.979672,0.868777,0.324664,43.7,0.944234,0.891065,0.329782,13.5317,19.0,False
A3_stratified,B2_from0,C2_clip125,8,125,31,42.1666,39750.35,2e-06,-0.15909,0.964911,43.7,2e-06,-3e-06,0.995976,41.3636,6.7,True
A3_stratified,B2_from0,C2_clip125,9,125,91,12.4931,271.75,1.02243,0.898253,0.285884,43.7,0.968917,0.923494,0.275958,11.4001,20.1,False
A3_stratified,B2_from0,C3_clip100,0,100,76,10.0479,196.0,0.964491,0.902774,0.292322,34.3728,0.946005,0.934415,0.255361,8.1332,16.3,False
A3_stratified,B2_from0,C3_clip100,1,100,163,7.8618,112.66,0.979304,0.940478,0.228723,34.3728,0.960204,0.935165,0.253577,8.1281,35.4,False
A3_stratified,B2_from0,C3_clip100,2,100,101,8.9091,131.89,0.986764,0.923564,0.259192,34.3728,0.974419,0.932726,0.258043,8.3076,21.9,False
A3_stratified,B2_from0,C3_clip100,3,100,36,33.5446,11493.98,1e-06,-0.083612,0.975907,34.3728,1e-06,-3e-06,0.996501,31.8449,7.8,True
A3_stratified,B2_from0,C3_clip100,4,100,106,9.4094,144.35,0.973081,0.914739,0.273746,34.3728,0.964582,0.94618,0.230879,7.4227,23.0,False
A3_stratified,B2_from0,C3_clip100,5,100,99,10.6166,209.7,0.982081,0.891458,0.308866,34.3728,0.988101,0.92804,0.267677,8.4887,21.2,False
A3_stratified,B2_from0,C3_clip100,6,100,19,33.3766,10818.17,2e-06,-0.072781,0.971017,34.3728,2e-06,-1.1e-05,0.994576,32.0601,4.1,True
A3_stratified,B2_from0,C3_clip100,7,100,159,8.2921,116.11,0.986787,0.933786,0.241239,34.3728,0.9936,0.940825,0.243118,7.6079,34.3,False
A3_stratified,B2_from0,C3_clip100,8,100,22,33.6155,11779.16,3e-06,-0.088195,0.977968,34.3728,3e-06,-5e-06,0.997187,31.7508,4.6,True
A3_stratified,B2_from0,C3_clip100,9,100,115,9.2063,139.95,0.97576,0.91838,0.267837,34.3728,0.962923,0.934072,0.256346,8.1003,24.9,False
A3_stratified,B3_warmup,C1_unclipped,0,None,120,31.3083,89952.62,1.395844,0.427982,0.416444,75.1801,0.941524,0.774876,0.473081,46.4757,25.7,False
A3_stratified,B3_warmup,C1_unclipped,1,None,101,30.0055,165602.37,1.312212,0.474596,0.399115,75.1801,0.869672,0.774421,0.466471,40.8181,22.0,False
A3_stratified,B3_warmup,C1_unclipped,2,None,75,40.2712,2008126.04,1.507617,0.053588,0.535663,75.1801,0.907935,0.727482,0.505852,42.3344,16.1,False
A3_stratified,B3_warmup,C1_unclipped,3,None,78,38.4601,17641603.73,1.477961,0.1368,0.511573,75.1801,0.793446,0.761297,0.48653,48.5815,16.9,False
A3_stratified,B3_warmup,C1_unclipped,4,None,84,33.6297,1702043.17,1.406443,0.340009,0.447322,75.1801,0.849911,0.814066,0.423372,38.1888,18.4,False
A3_stratified,B3_warmup,C1_unclipped,5,None,79,51.2043,55229104.62,1.584211,-0.530047,0.681089,75.1801,0.817052,0.691869,0.552545,51.6505,17.0,False
A3_stratified,B3_warmup,C1_unclipped,6,None,61,47.2761,10666850.43,1.541881,-0.304292,0.628838,75.1801,0.822666,0.780069,0.454752,38.305,13.1,False
A3_stratified,B3_warmup,C1_unclipped,7,None,85,43.0516,27392940.77,1.580784,-0.081609,0.572647,75.1801,0.820579,0.646049,0.59485,60.3805,18.4,False
A3_stratified,B3_warmup,C1_unclipped,8,None,81,33.0113,156969.86,1.31332,0.36406,0.439096,75.1801,0.889663,0.732299,0.512957,46.8776,17.6,False
A3_stratified,B3_warmup,C1_unclipped,9,None,77,29.5518,31749.72,1.33971,0.490367,0.39308,75.1801,0.813199,0.778178,0.470401,46.4047,16.5,False
A3_stratified,B3_warmup,C2_clip125,0,125,72,14.6854,466.24,1.005936,0.859411,0.336051,43.7,0.952093,0.912356,0.294845,12.2514,15.4,False
A3_stratified,B3_warmup,C2_clip125,1,125,147,11.0538,218.97,1.004867,0.920346,0.252948,43.7,0.945053,0.915547,0.288885,12.0538,32.1,False
A3_stratified,B3_warmup,C2_clip125,2,125,101,13.7857,380.5,1.039061,0.87611,0.315461,43.7,0.978863,0.907668,0.301618,12.624,21.8,False
A3_stratified,B3_warmup,C2_clip125,3,125,167,12.1547,257.77,1.004794,0.903691,0.278139,43.7,0.964448,0.939802,0.244127,10.1659,35.9,False
A3_stratified,B3_warmup,C2_clip125,4,125,69,14.4029,396.88,1.011782,0.864768,0.329585,43.7,0.964031,0.923823,0.274097,11.4609,14.9,False
A3_stratified,B3_warmup,C2_clip125,5,125,97,14.9462,466.06,0.991909,0.854373,0.342018,43.7,0.954021,0.906528,0.304802,12.6254,21.0,False
A3_stratified,B3_warmup,C2_clip125,6,125,179,12.2689,288.63,1.037426,0.901872,0.280754,43.7,0.979622,0.919296,0.28186,11.8075,38.7,False
A3_stratified,B3_warmup,C2_clip125,7,125,88,14.1878,378.18,0.979672,0.868777,0.324664,43.7,0.944234,0.891065,0.329782,13.5317,18.9,False
A3_stratified,B3_warmup,C2_clip125,8,125,138,12.0383,326.16,1.019189,0.905527,0.275476,43.7,0.965666,0.92529,0.272231,11.306,29.7,False
A3_stratified,B3_warmup,C2_clip125,9,125,91,12.4931,271.75,1.02243,0.898253,0.285884,43.7,0.968917,0.923494,0.275958,11.4001,19.4,False
A3_stratified,B3_warmup,C3_clip100,0,100,76,10.0479,196.0,0.964491,0.902774,0.292322,34.3728,0.946005,0.934415,0.255361,8.1332,15.9,False
A3_stratified,B3_warmup,C3_clip100,1,100,163,7.8618,112.66,0.979304,0.940478,0.228723,34.3728,0.960204,0.935165,0.253577,8.1281,34.7,False
A3_stratified,B3_warmup,C3_clip100,2,100,101,8.9091,131.89,0.986764,0.923564,0.259192,34.3728,0.974419,0.932726,0.258043,8.3076,21.1,False
A3_stratified,B3_warmup,C3_clip100,3,100,159,8.4174,123.95,1.000684,0.931769,0.244885,34.3728,0.976851,0.953846,0.214082,6.8414,33.5,False
A3_stratified,B3_warmup,C3_clip100,4,100,106,9.4094,144.35,0.973081,0.914739,0.273746,34.3728,0.964582,0.94618,0.230879,7.4227,22.4,False
A3_stratified,B3_warmup,C3_clip100,5,100,99,10.6166,209.7,0.982081,0.891458,0.308866,34.3728,0.988101,0.92804,0.267677,8.4887,20.9,False
A3_stratified,B3_warmup,C3_clip100,6,100,141,7.1059,82.67,0.972601,0.951374,0.206731,34.3728,0.960793,0.944443,0.234425,7.5567,29.8,False
A3_stratified,B3_warmup,C3_clip100,7,100,159,8.2921,116.11,0.986787,0.933786,0.241239,34.3728,0.9936,0.940825,0.243118,7.6079,33.6,False
A3_stratified,B3_warmup,C3_clip100,8,100,159,7.1375,88.17,0.981667,0.950941,0.20765,34.3728,0.973452,0.948711,0.225833,7.1906,33.6,False
A3_stratified,B3_warmup,C3_clip100,9,100,115,9.2063,139.95,0.97576,0.91838,0.267837,34.3728,0.962923,0.934072,0.256346,8.1003,24.1,False
