dataset,arch,seed,n_params,stop_epoch,RMSE,NASA,test_PDR,test_R2,test_CBR,elapsed_s,is_collapsed
FD001,LSTM,0,57665,84,13.2274,335.5,0.999266,0.891048,0.315374,17.4,False
FD001,LSTM,1,57665,95,13.5839,359.43,1.028876,0.885095,0.323875,17.7,False
FD001,LSTM,2,57665,93,13.4462,319.24,1.000882,0.887413,0.320591,17.6,False
FD001,LSTM,3,57665,80,13.4891,337.57,0.991307,0.886694,0.321614,14.9,False
FD001,LSTM,4,57665,64,13.3454,311.04,1.002577,0.889094,0.31819,12.1,False
FD001,LSTM,5,57665,20,40.4107,16764.2,1e-06,-0.016911,0.963495,3.7,True
FD001,LSTM,6,57665,94,14.0059,404.81,1.018261,0.877845,0.333937,17.6,False
FD001,LSTM,7,57665,81,13.7706,366.55,0.99398,0.881914,0.328327,15.2,False
FD001,LSTM,8,57665,58,13.3199,357.05,1.008147,0.889517,0.317581,10.7,False
FD001,LSTM,9,57665,75,13.5589,350.83,1.019069,0.885517,0.323279,14.0,False
FD001,GRU,0,43777,54,13.3931,329.07,1.023826,0.888301,0.319325,9.6,False
FD001,GRU,1,43777,56,13.6149,356.47,1.035142,0.88457,0.324614,10.1,False
FD001,GRU,2,43777,100,13.5757,353.44,1.017032,0.885233,0.32368,17.9,False
FD001,GRU,3,43777,37,13.9114,388.08,1.024331,0.879488,0.331683,6.6,False
FD001,GRU,4,43777,71,13.3541,347.15,1.01782,0.88895,0.318396,12.6,False
FD001,GRU,5,43777,69,13.5542,360.96,1.017152,0.885596,0.323167,12.5,False
FD001,GRU,6,43777,47,13.9981,394.72,1.054556,0.87798,0.333751,8.7,False
FD001,GRU,7,43777,51,13.2195,315.08,1.008992,0.891178,0.315186,9.2,False
FD001,GRU,8,43777,40,13.7227,351.4,1.021067,0.882735,0.327184,7.4,False
FD001,GRU,9,43777,55,13.5097,338.41,1.016551,0.886347,0.322105,10.3,False
FD001,MLP,0,84929,70,13.7425,360.09,1.00342,0.882396,0.327656,8.6,False
FD001,MLP,1,84929,99,13.7665,365.91,0.984389,0.881985,0.328229,12.2,False
FD001,MLP,2,84929,93,13.7386,363.29,0.992704,0.882463,0.327563,11.4,False
FD001,MLP,3,84929,50,13.7538,334.75,0.969242,0.882202,0.327926,6.2,False
FD001,MLP,4,84929,72,13.4286,317.38,0.964504,0.887707,0.320173,8.8,False
FD001,MLP,5,84929,116,13.4293,340.66,0.9921,0.887696,0.320189,14.3,False
FD001,MLP,6,84929,70,13.5781,346.12,0.992619,0.885193,0.323736,8.5,False
FD001,MLP,7,84929,200,13.3685,336.15,0.998365,0.88871,0.31874,24.8,False
FD001,MLP,8,84929,94,13.6665,354.65,0.993324,0.883693,0.325845,11.5,False
FD001,MLP,9,84929,116,13.6513,358.71,0.998218,0.883951,0.325483,14.3,False
FD001,CNN1D,0,43201,29,15.0872,401.18,0.929876,0.858256,0.359716,4.5,False
FD001,CNN1D,1,43201,31,14.2688,318.25,0.947854,0.873216,0.340204,4.6,False
FD001,CNN1D,2,43201,42,14.3049,365.22,1.002499,0.872574,0.341064,6.2,False
FD001,CNN1D,3,43201,29,15.3571,350.46,0.889187,0.853138,0.366153,4.5,False
FD001,CNN1D,4,43201,35,14.1837,339.65,0.961656,0.874723,0.338177,5.4,False
FD001,CNN1D,5,43201,96,13.6009,365.26,1.001673,0.884807,0.324281,14.5,False
FD001,CNN1D,6,43201,30,14.349,353.25,0.961323,0.871787,0.342117,4.5,False
FD001,CNN1D,7,43201,31,14.1708,332.14,0.954801,0.874951,0.337869,4.7,False
FD001,CNN1D,8,43201,33,14.195,363.42,0.960596,0.874523,0.338446,5.0,False
FD001,CNN1D,9,43201,40,14.3743,368.35,0.982716,0.871333,0.342721,6.0,False
FD002,LSTM,0,57665,66,16.7264,1899.87,0.930561,0.848261,0.372286,35.8,False
FD002,LSTM,1,57665,41,16.2683,1739.48,0.94599,0.856459,0.36209,21.9,False
FD002,LSTM,2,57665,58,15.7544,1294.59,0.910045,0.865384,0.350652,30.5,False
FD002,LSTM,3,57665,42,17.1423,2722.36,0.919188,0.840622,0.381543,22.2,False
FD002,LSTM,4,57665,40,15.384,1025.63,0.916758,0.871641,0.342407,21.5,False
FD002,LSTM,5,57665,65,15.3191,1069.17,0.916419,0.872721,0.340963,34.8,False
FD002,LSTM,6,57665,50,15.7998,1345.1,0.933013,0.864609,0.351661,26.6,False
FD002,LSTM,7,57665,59,16.147,1623.65,0.926285,0.858591,0.359391,31.4,False
FD002,LSTM,8,57665,45,16.7045,1511.6,0.907987,0.848659,0.371798,23.9,False
FD002,LSTM,9,57665,47,15.894,1655.35,0.935686,0.862989,0.353758,25.0,False
FD002,GRU,0,43777,30,15.4086,1062.52,0.918445,0.87123,0.342954,15.6,False
FD002,GRU,1,43777,26,15.5531,1056.57,0.937483,0.868803,0.34617,13.3,False
FD002,GRU,2,43777,35,15.2544,1114.31,0.945103,0.873793,0.339523,18.2,False
FD002,GRU,3,43777,39,16.245,1230.73,0.976416,0.856869,0.361572,19.7,False
FD002,GRU,4,43777,28,15.4879,1213.48,0.909871,0.869901,0.344719,14.2,False
FD002,GRU,5,43777,41,15.1211,1011.91,0.944353,0.87599,0.336556,21.0,False
FD002,GRU,6,43777,32,15.5087,1049.02,0.930123,0.869551,0.345183,16.3,False
FD002,GRU,7,43777,45,14.9052,920.96,0.944552,0.879506,0.33175,23.4,False
FD002,GRU,8,43777,47,15.0123,1006.8,0.925176,0.877768,0.334135,24.4,False
FD002,GRU,9,43777,38,15.1925,1105.18,0.941985,0.874816,0.338145,19.2,False
FD002,MLP,0,84929,41,20.6913,24481.88,0.937234,0.767797,0.460535,14.8,False
FD002,MLP,1,84929,55,20.7149,24590.95,0.931963,0.767268,0.461059,20.3,False
FD002,MLP,2,84929,55,20.3403,27165.23,0.92101,0.775609,0.452722,20.3,False
FD002,MLP,3,84929,69,20.5494,24887.17,0.944983,0.770972,0.457375,23.5,False
FD002,MLP,4,84929,91,20.1934,20298.2,0.93682,0.778839,0.449451,32.4,False
FD002,MLP,5,84929,53,21.1174,47022.35,0.937813,0.758136,0.470018,19.2,False
FD002,MLP,6,84929,46,20.4244,24385.8,0.900165,0.773749,0.454594,16.8,False
FD002,MLP,7,84929,89,20.4018,21190.22,0.939546,0.774249,0.454091,32.0,False
FD002,MLP,8,84929,64,20.3461,25781.39,0.914518,0.77548,0.452852,23.1,False
FD002,MLP,9,84929,75,20.2712,20300.66,0.933847,0.777131,0.451184,26.8,False
FD002,CNN1D,0,43201,21,17.741,1186.0,0.851293,0.829294,0.394869,8.8,False
FD002,CNN1D,1,43201,24,16.6743,1196.73,0.868361,0.849206,0.371126,10.0,False
FD002,CNN1D,2,43201,28,16.0728,1117.35,0.893556,0.859888,0.357739,11.6,False
FD002,CNN1D,3,43201,25,16.2705,1189.12,0.892313,0.85642,0.362139,10.4,False
FD002,CNN1D,4,43201,27,16.3581,1313.86,0.899291,0.85487,0.364089,11.3,False
FD002,CNN1D,5,43201,29,15.516,1207.67,0.921506,0.869428,0.345345,12.1,False
FD002,CNN1D,6,43201,29,16.7052,1031.28,0.843659,0.848647,0.371813,12.1,False
FD002,CNN1D,7,43201,34,15.6321,1112.34,0.90137,0.867466,0.347931,14.4,False
FD002,CNN1D,8,43201,23,18.0428,1158.81,0.818192,0.823437,0.401586,9.9,False
FD002,CNN1D,9,43201,31,16.6547,1042.55,0.854958,0.849559,0.37069,13.3,False
FD003,LSTM,0,56129,18,41.2355,30426.04,3e-06,-0.108463,0.943603,4.0,True
FD003,LSTM,1,56129,19,41.6058,34014.27,1e-06,-0.128461,0.952077,4.5,True
FD003,LSTM,2,56129,127,11.8474,321.92,1.004694,0.908499,0.271108,28.1,False
FD003,LSTM,3,56129,35,41.6898,34849.92,1e-06,-0.133026,0.954,7.5,True
FD003,LSTM,4,56129,18,41.571,33670.89,4e-06,-0.126575,0.951281,3.9,True
FD003,LSTM,5,56129,75,15.3118,725.45,0.989522,0.847161,0.350385,16.4,False
FD003,LSTM,6,56129,19,41.4531,32517.57,2e-06,-0.120196,0.948584,4.1,True
FD003,LSTM,7,56129,32,41.7454,35406.36,1e-06,-0.136046,0.955271,7.3,True
FD003,LSTM,8,56129,26,41.8351,36313.56,2e-06,-0.140937,0.957325,5.7,True
FD003,LSTM,9,56129,18,41.306,31098.32,4e-06,-0.112258,0.945217,3.8,True
FD003,GRU,0,42625,84,12.8811,338.97,0.998749,0.891835,0.294763,17.5,False
FD003,GRU,1,42625,145,12.1793,335.82,1.018429,0.9033,0.278703,30.8,False
FD003,GRU,2,42625,102,12.6995,380.0,1.008289,0.894863,0.290607,21.5,False
FD003,GRU,3,42625,94,12.3787,301.28,1.014875,0.900108,0.283265,20.1,False
FD003,GRU,4,42625,120,12.6608,336.55,1.016235,0.895504,0.28972,25.3,False
FD003,GRU,5,42625,112,12.1568,302.48,1.002199,0.903657,0.278189,23.6,False
FD003,GRU,6,42625,92,13.5257,394.7,1.017232,0.880739,0.309512,19.5,False
FD003,GRU,7,42625,121,11.9309,293.59,1.014179,0.907204,0.273019,25.8,False
FD003,GRU,8,42625,84,13.0567,323.81,0.992897,0.888866,0.29878,18.4,False
FD003,GRU,9,42625,125,12.663,349.73,1.02881,0.895466,0.289772,26.4,False
FD003,MLP,0,61889,144,14.438,368.15,0.969638,0.864109,0.330388,20.8,False
FD003,MLP,1,61889,100,14.5552,393.35,0.983647,0.861892,0.333072,14.5,False
FD003,MLP,2,61889,109,14.6592,396.01,0.971238,0.859912,0.335451,15.8,False
FD003,MLP,3,61889,158,14.5071,383.71,0.988895,0.862803,0.331971,23.1,False
FD003,MLP,4,61889,97,14.621,399.94,0.999144,0.860642,0.334576,13.9,False
FD003,MLP,5,61889,140,14.5989,397.78,0.984695,0.861063,0.33407,20.3,False
FD003,MLP,6,61889,100,14.5766,398.01,0.977686,0.861487,0.33356,14.7,False
FD003,MLP,7,61889,103,14.8338,422.09,0.975805,0.856556,0.339446,15.3,False
FD003,MLP,8,61889,99,14.8128,437.76,0.983998,0.856961,0.338965,14.4,False
FD003,MLP,9,61889,99,14.7056,412.86,0.986331,0.859023,0.336513,14.5,False
FD003,CNN1D,0,42625,62,13.4941,288.56,0.980306,0.881295,0.308789,11.3,False
FD003,CNN1D,1,42625,41,15.2689,651.36,0.980631,0.848017,0.349403,8.5,False
FD003,CNN1D,2,42625,29,17.6025,886.01,0.869945,0.798012,0.402802,8.3,False
FD003,CNN1D,3,42625,39,15.8117,555.21,0.954506,0.837019,0.361824,6.9,False
FD003,CNN1D,4,42625,96,12.2376,263.09,0.984975,0.902372,0.280038,17.1,False
FD003,CNN1D,5,42625,85,12.5891,264.69,0.994427,0.896683,0.28808,15.4,False
FD003,CNN1D,6,42625,28,19.3361,1613.31,0.858772,0.756265,0.442474,5.0,False
FD003,CNN1D,7,42625,108,11.9565,247.71,1.003896,0.906805,0.273605,19.4,False
FD003,CNN1D,8,42625,99,12.6614,304.16,0.998471,0.895493,0.289735,17.8,False
FD003,CNN1D,9,42625,41,15.5791,592.48,0.941688,0.84178,0.3565,7.3,False
FD004,LSTM,0,57409,67,15.1985,1073.28,0.916335,0.874962,0.333554,40.2,False
FD004,LSTM,1,57409,96,14.9688,1187.61,0.950436,0.878711,0.328515,57.1,False
FD004,LSTM,2,57409,86,14.892,1046.37,0.93632,0.879954,0.326828,51.3,False
FD004,LSTM,3,57409,107,16.4643,1871.19,0.918332,0.853265,0.361336,63.9,False
FD004,LSTM,4,57409,62,15.7499,1726.89,0.899986,0.865724,0.345656,36.8,False
FD004,LSTM,5,57409,92,20.4831,9602.44,0.92922,0.77289,0.449534,54.5,False
FD004,LSTM,6,57409,83,22.6354,16163.81,0.94501,0.722656,0.496769,49.2,False
FD004,LSTM,7,57409,50,21.3765,6517.86,0.884751,0.752646,0.469142,29.7,False
FD004,LSTM,8,57409,84,18.4051,3985.82,0.939232,0.816633,0.403929,50.0,False
FD004,LSTM,9,57409,54,23.0538,15286.78,0.922492,0.712306,0.505953,32.2,False
FD004,GRU,0,43585,83,18.1519,3107.05,0.935833,0.821644,0.398372,47.8,False
FD004,GRU,1,43585,69,15.1781,1202.71,0.933218,0.875297,0.333107,39.7,False
FD004,GRU,2,43585,63,15.6795,1346.99,0.936405,0.866921,0.344111,36.3,False
FD004,GRU,3,43585,87,14.7069,1093.38,0.947594,0.882919,0.322766,50.0,False
FD004,GRU,4,43585,82,15.498,1583.75,0.952996,0.869985,0.340127,47.6,False
FD004,GRU,5,43585,63,14.4401,1034.1,0.937785,0.887129,0.316911,36.4,False
FD004,GRU,6,43585,47,16.7952,1838.28,0.912929,0.847308,0.368598,27.7,False
FD004,GRU,7,43585,73,18.5932,3560.21,0.928429,0.812867,0.408057,42.1,False
FD004,GRU,8,43585,63,16.2481,2547.83,0.913538,0.857094,0.356591,36.4,False
FD004,GRU,9,43585,77,14.5675,1042.68,0.928482,0.885128,0.319707,44.6,False
FD004,MLP,0,81089,84,26.6329,42224.67,0.935335,0.616045,0.584501,34.1,False
FD004,MLP,1,81089,113,26.5884,44998.49,0.945802,0.617328,0.583524,46.0,False
FD004,MLP,2,81089,115,26.3319,31159.07,0.943324,0.624673,0.577896,46.8,False
FD004,MLP,3,81089,50,27.3478,59190.99,0.932727,0.595154,0.600192,20.3,False
FD004,MLP,4,81089,51,27.2322,51153.95,0.91598,0.598571,0.597653,20.9,False
FD004,MLP,5,81089,136,26.3891,39148.37,0.93991,0.623042,0.579151,55.7,False
FD004,MLP,6,81089,90,26.2822,36240.02,0.936378,0.626091,0.576804,37.0,False
FD004,MLP,7,81089,75,27.0191,49617.85,0.95551,0.604829,0.592977,30.9,False
FD004,MLP,8,81089,41,27.6299,67726.36,0.956685,0.586759,0.606383,16.8,False
FD004,MLP,9,81089,35,27.7726,66972.75,0.941116,0.582479,0.609515,14.4,False
FD004,CNN1D,0,43105,26,18.3731,2215.74,0.872359,0.81727,0.403228,12.7,False
FD004,CNN1D,1,43105,21,20.4047,2965.71,0.863971,0.774626,0.447813,10.4,False
FD004,CNN1D,2,43105,28,18.8974,2628.37,0.908281,0.806692,0.414734,13.8,False
FD004,CNN1D,3,43105,22,18.481,1814.2,0.866034,0.815117,0.405596,10.8,False
FD004,CNN1D,4,43105,21,20.1061,2571.73,0.855999,0.781174,0.44126,10.2,False
FD004,CNN1D,5,43105,64,21.3141,4518.04,0.789632,0.75409,0.467771,31.0,False
FD004,CNN1D,6,43105,76,20.9671,7922.94,0.878844,0.762032,0.460155,36.9,False
FD004,CNN1D,7,43105,19,21.3686,2829.15,0.837404,0.752829,0.468969,9.3,False
FD004,CNN1D,8,43105,23,19.2073,2138.59,0.874876,0.8003,0.421535,11.2,False
FD004,CNN1D,9,43105,23,19.0622,2345.41,0.866351,0.803306,0.418351,11.2,False
